Région,Type de protection,Année de protection,Commune,Appellation courante
Rhône-Alpes (Auvergne-Rhône-Alpes),I,2013,Bourg-en-Bresse,Chapelle Sainte-Madeleine
Rhône-Alpes (Auvergne-Rhône-Alpes),I,1993,Miribel,Carillon du Mas Rillier
Rhône-Alpes (Auvergne-Rhône-Alpes),I&C,1988,Oyonnax,"Usine électrique la Grande Vapeur, actuellement musée du Peigne"
Picardie (Hauts-De-France),C,1921,Bosmont-sur-Serre,Ancien abri allemand dit du Kaiser
Picardie (Hauts-De-France),I,1999,Bouconville-Vauclair,Réseau de tranchées
Picardie (Hauts-De-France),C,1995,Buire,Tour Florentine
Picardie (Hauts-De-France),I,2007,Ciry-Salsogne,Eglise
Picardie (Hauts-De-France),C,1922,Coucy-le-Château-Auffrique,Plate-forme de la pièce allemande
Picardie (Hauts-De-France),C,1922,Crépy,Plate-forme d'artillerie (emplacement du canon allemand dit la Grosse Bertha)
Picardie (Hauts-De-France),I&C,1997,Fresnoy-le-Grand,Usine textile La Filandière
Picardie (Hauts-De-France),I,2007,Limé,Eglise
Picardie (Hauts-De-France),C,1997,Martigny-Courpierre,Eglise Saint-Martin
Picardie (Hauts-De-France),I,2001,Monthenault,Eglise Saint-Martin
Picardie (Hauts-De-France),I,1990,Nouvron-Vingré,Monument de la Croix-Brisée
Picardie (Hauts-De-France),I,2003,Saint-Quentin,Gare
Picardie (Hauts-De-France),C,2001,Soissons,Monument à l'oeuvre des sociétés coopératives de reconstruction des régions libérées et à la mémoire de Guy de Lubersac
Picardie (Hauts-De-France),I,2008,Soissons,Salle des Feuillants
Picardie (Hauts-De-France),I,1994,Vendhuile,Eglise Saint-Martin
Auvergne (Auvergne-Rhône-Alpes),I,1991,Vichy,Eglise Saint-Blaise et Notre-Dame-des-Malades
Auvergne (Auvergne-Rhône-Alpes),I,1991,Vichy,Immeuble
Auvergne (Auvergne-Rhône-Alpes),I,1991,Vichy,Immeuble
Auvergne (Auvergne-Rhône-Alpes),I,2000,Vichy,"Petit casino, actuellement centre culturel Valéry Larbaud"
Provence-Alpes-Côte d'Azur,I,1989,Antibes,Villa André-Bloc
Provence-Alpes-Côte d'Azur,I,1989,Cannes,Hôtel Carlton
Provence-Alpes-Côte d'Azur,I,1994,Cannes,Villa Romée
Provence-Alpes-Côte d'Azur,I,1990,Menton,Villa Tempe a Pailla
Provence-Alpes-Côte d'Azur,C,1987,Nice,Cathédrale orthodoxe Saint-Nicolas et chapelle du tsarévitch Nicolas Alexandrovitch
Provence-Alpes-Côte d'Azur,I,2001,Nice,Eglise Notre-Dame-Auxiliatrice
Provence-Alpes-Côte d'Azur,C,1992,Nice,Eglise Sainte-Jeanne d'Arc
Provence-Alpes-Côte d'Azur,C,2003,Nice,Immeuble de l'Hôtel Negresco
Provence-Alpes-Côte d'Azur,I,1989,Nice,Immeuble Gloria Mansions
Provence-Alpes-Côte d'Azur,I,2001,Nice,Immeuble La Rotonde
Provence-Alpes-Côte d'Azur,C,1989,Nice,Palais de la Méditerranée
Provence-Alpes-Côte d'Azur,I,1943,Nice,"Villa Arson, Ecole nationale supérieure d'art et Centre national d'art contemporain"
Provence-Alpes-Côte d'Azur,C,2000,Roquebrune-Cap-Martin,Villa E 1027 d'Eileen Gray
Provence-Alpes-Côte d'Azur,C,2001,Saint-Jean-Cap-Ferrat,maison dite Villa La Ligne Droite
Provence-Alpes-Côte d'Azur,I,1998,Tourrettes-sur-Loup,Maison du Rouréou
Provence-Alpes-Côte d'Azur,I,1965,Vence,"Chapelle des Dominicaines, dite aussi chapelle du Rosaire"
Provence-Alpes-Côte d'Azur,I,2001,Vence,Ecole Freinet
Rhône-Alpes (Auvergne-Rhône-Alpes),I,2010,Labeaume,"Maison Unal, au hameau de Chapias"
Champagne-Ardenne (Grand-Est),I,2012,Charleville-Mézières,"Ancienne usine métallurgique "" La Macérienne """
Champagne-Ardenne (Grand-Est),I,1996,Charleville-Mézières,Anciens bains-douches de Charleville
Champagne-Ardenne (Grand-Est),I,1980,Ferté-sur-Chiers (La),"Fortifications de la ligne Maginot dites ""Ouvrage de la Ferté"" (également sur commune de Villy)"
Champagne-Ardenne (Grand-Est),C,1922,Semide,Plate-forme d'artillerie
Champagne-Ardenne (Grand-Est),I,1980,Villy,"Fortifications de la ligne Maginot dites ""Ouvrages de la Ferté"" £"
Champagne-Ardenne (Grand-Est),I,2010,Fontaine-les-Grès,Eglise Sainte-Agnès
Champagne-Ardenne (Grand-Est),I,2007,Sainte-Savine,Ancien hôtel de ville
Languedoc-Roussillon (Occitanie),I,2002,Carcassonne,Théâtre municipal
Languedoc-Roussillon (Occitanie),I,2014,Leucate,"Village de vacances "" Les Carrats "", ensemble situé à Port-Leucate"
Languedoc-Roussillon (Occitanie),I,2002,Narbonne,"Palais des Sports, des Arts et du Travail"
Languedoc-Roussillon (Occitanie),I,2013,Paziols,Ancienne cave coopérative
Midi-Pyrénées (Occitanie),I,2001,Aubin,Eglise Notre-Dame-des-Mines
Alsace (Grand-Est),I,1992,Hunspach,Fort de Schoenenbourg (ligne Maginot)
Alsace (Grand-Est),I,1992,Hunspach ; Ingolsheim,Fort de Schoenenbourg (ligne Maginot) (également sur commune de Hunspach)
Alsace (Grand-Est),I,2009,Rhinau,Usine List
Alsace (Grand-Est),I,2006,Seltz,Eglise catholique Saint-Etienne
Alsace (Grand-Est),I,1992,Strasbourg,"Ancien palais de la Diète d'Alsace-Lorraine, actuellement Ecole supérieure d'Art dramatique, Conservatoire de musique et Théâtre national de Strasbourg"
Alsace (Grand-Est),I,2000,Strasbourg,Ancienne maison du négociant Rubin dite maison A l'Ange
Alsace (Grand-Est),I,2000,Strasbourg,Bains municipaux
Alsace (Grand-Est),I,2005,Strasbourg,Faculté de Droit
Alsace (Grand-Est),I,2007,Strasbourg,Palais des Fêtes
Alsace (Grand-Est),I,1992,Strasbourg,Propriété Schranz
Provence-Alpes-Côte d'Azur,I,2003,Aix-en-Provence,Fondation Vasarely
Provence-Alpes-Côte d'Azur,C,1993,Aix-en-Provence,"Tuilerie des Milles, ancien camp d'internement"
Provence-Alpes-Côte d'Azur,I,1996,Arles,"Hôpital Joseph Imbert, quartier de Fourchon"
Provence-Alpes-Côte d'Azur,I,2012,Arles,Phare de Faraman
Provence-Alpes-Côte d'Azur,I,2011,Fos-sur-Mer,Phare de Saint-Gervais
Provence-Alpes-Côte d'Azur,I,1989,Jouques,Usine hydro-électrique
Provence-Alpes-Côte d'Azur,I,1981,Marseille,Maison dite Gaston Castel
Provence-Alpes-Côte d'Azur,I,1989,Marseille 15e arrondissement,Eglise Saint-Louis
Provence-Alpes-Côte d'Azur,C,1997,Marseille 1er arrondissement,Opéra municipal
Provence-Alpes-Côte d'Azur,I,1993,Marseille 2e arrondissement,Immeuble
Provence-Alpes-Côte d'Azur,C,2012,Marseille 7e arrondissement,Phare du Planier
Provence-Alpes-Côte d'Azur,C,1986,Marseille 8e arrondissement,Unité d'habitation Le Corbusier dite Cité Radieuse
Basse-Normandie (Normandie),I,1998,Arromanches-les-Bains,Ancienne station radar
Basse-Normandie (Normandie),I,1992,Asnelles,Batterie de défense de plage
Basse-Normandie (Normandie),I,2003,Caen,Ancienne chambre de commerce et d'industrie
Basse-Normandie (Normandie),I,2010,Caen,Bureau de poste Gambetta
Basse-Normandie (Normandie),I,2005,Caen,Eglise du Sacré-Coeur de la Guérinière
Basse-Normandie (Normandie),C,2007,Caen,Eglise Saint-Julien
Basse-Normandie (Normandie),I&C,2005,Caen,Monastère des Bénédictines
Basse-Normandie (Normandie),C,2011,Caen,Réservoir ou château d'eau de la Guérinière
Basse-Normandie (Normandie),C,2012,Caen,Université de Caen - Basse-Normandie
Basse-Normandie (Normandie),I,2010,Cahagnes,Eglise
Basse-Normandie (Normandie),I,2010,Deauville,Gare SNCF de Trouville - Deauville
Basse-Normandie (Normandie),I,1991,Dives-sur-Mer,Maison dite La Maison Bleue
Basse-Normandie (Normandie),I,2010,Falaise,Lycée Louis Liard
Basse-Normandie (Normandie),I,2010,Falaise,Marché couvert
Basse-Normandie (Normandie),I,2005,Fontaine-le-Pin,Eglise Saint-Pierre
Basse-Normandie (Normandie),C,2005,Glanville,Villa Sayer
Basse-Normandie (Normandie),I,2010,Lisieux,Basilique Sainte-Thérèse
Basse-Normandie (Normandie),C,2006,Lisieux,Eglise Saint-Désir
Basse-Normandie (Normandie),C,2001,Longues-sur-Mer,Batterie d'artillerie de Longues
Basse-Normandie (Normandie),I,2010,May-sur-Orne,Eglise paroissiale Saint-Firmin
Basse-Normandie (Normandie),C,2001,Merville-Franceville-Plage,Batterie d'artillerie de Merville
Basse-Normandie (Normandie),I,2010,Mézidon-Canon,Groupe scolaire Jean-Jaurès et mairie annexe de Canon
Basse-Normandie (Normandie),I,1994,Ouistreham,Ancien poste de direction de tir de Riva-Bella
Basse-Normandie (Normandie),I,1992,Trouville-sur-Mer,Halle aux poissons dite poissonnerie
Basse-Normandie (Normandie),I,2010,Vire,Hôtel de ville
Auvergne (Auvergne-Rhône-Alpes),I,2006,Aurillac,Eglise du Sacré Coeur
Poitou-Charentes (Nouvelle-Aquitaine),I,2014,Angoulême,Maison
Poitou-Charentes (Nouvelle-Aquitaine),I,2002,Confolens,"Ancien abattoir, actuellement ateliers municipaux"
Poitou-Charentes (Nouvelle-Aquitaine),I,2010,Voulgézac,Moulin de Nanteuillet
Poitou-Charentes (Nouvelle-Aquitaine),I,2002,Ars-en-Ré,Batterie d'artillerie Kora-Karola
Poitou-Charentes (Nouvelle-Aquitaine),I,2002,Mathes (Les),Batterie d'artillerie Rest Adler Cosel (le Requin)
Poitou-Charentes (Nouvelle-Aquitaine),I,2011,Nantillé,Jardin de Gabriel
Poitou-Charentes (Nouvelle-Aquitaine),I,2002,Rochelle (La),Eglise Saint-André et Sainte-Jeanne-d'Arc de Fétilly
Poitou-Charentes (Nouvelle-Aquitaine),I,2002,Rochelle (La),Groupe scolaire Paul-Doumer
Poitou-Charentes (Nouvelle-Aquitaine),I,2002,Rochelle (La),Groupe scolaire Pierre-Loti
Poitou-Charentes (Nouvelle-Aquitaine),C,2002,Rochelle (La),Slip way
Poitou-Charentes (Nouvelle-Aquitaine),I,2002,Royan,Centre protestant
Poitou-Charentes (Nouvelle-Aquitaine),C,1988,Royan,Eglise Notre-Dame
Poitou-Charentes (Nouvelle-Aquitaine),I,2007,Royan,Maison
Poitou-Charentes (Nouvelle-Aquitaine),C,2002,Royan,Marché couvert
Poitou-Charentes (Nouvelle-Aquitaine),I,2011,Royan,Palais des Congrès
Poitou-Charentes (Nouvelle-Aquitaine),I,2004,Royan,Résidence Foncillon
Poitou-Charentes (Nouvelle-Aquitaine),I,2002,Royan,Villa Hélianthe
Poitou-Charentes (Nouvelle-Aquitaine),I,2002,Royan,Villa Ombre Blanche
Poitou-Charentes (Nouvelle-Aquitaine),I,1992,Saint-Georges-d'Oléron,Villa Blockhaus
Poitou-Charentes (Nouvelle-Aquitaine),I,1998,Saintes,Temple protestant de Saintes
Poitou-Charentes (Nouvelle-Aquitaine),I,2002,Tremblade (La),Batterie Muschel
Poitou-Charentes (Nouvelle-Aquitaine),I,2011,Tremblade (La),Phare de la Coubre
Centre (Centre-Val de Loire),I,2005,Bourges,"Ancien grand magasin ""Aux Dames de France"""
Centre (Centre-Val de Loire),I,2005,Bourges,"Ancien grand magasin ""Aux Nouvelles Galeries"""
Centre (Centre-Val de Loire),I,1994,Bourges,"Ancienne salle des fêtes, actuellement maison de la Culture et école de musique"
Centre (Centre-Val de Loire),I,2005,Bourges,"Grand magasin des anciens ""Etablissements Aubrun"""
Centre (Centre-Val de Loire),I,2001,Bourges,Immeuble de l'entreprise Leiseing
Centre (Centre-Val de Loire),I,2001,Bourges,"Internat du lycée de jeunes filles, actuel lycée Marguerite de Navarre"
Centre (Centre-Val de Loire),I,2004,Bourges,Recette principale et direction départementale de la Poste
Centre (Centre-Val de Loire),I,2008,Neuvy-sur-Barangeon,"Château de Saint-Hubert, devenu petit séminaire Saint-Louis"
Limousin (Nouvelle-Aquitaine),I,2005,Brive-la-Gaillarde,Cinéma Rex
Limousin (Nouvelle-Aquitaine),I,2012,Egletons,"Centre communautaire du village de vacances du Gril, dit aussi "" domaine du Lac """
Limousin (Nouvelle-Aquitaine),I,1977,Tulle,Théâtre municipal L'Eden
Corse,I,1992,Ajaccio,Ancienne manufacture Alban
Corse,I,1991,Piana,Hôtel Les Roches Rouges
Bourgogne (Bourgogne-Franche-Comté),I,2002,Beaune,"Ecole de jeunes filles, actuellement collège Jules Ferry"
Bourgogne (Bourgogne-Franche-Comté),I,2012,Corpeau,Ancienne station service du Pont de Paris
Bourgogne (Bourgogne-Franche-Comté),I,2012,Dijon,Ancien garage pour cycles et automobiles dit garage Alizon
Bourgogne (Bourgogne-Franche-Comté),I,1986,Dijon,Cinéma Eldorado
Bourgogne (Bourgogne-Franche-Comté),C,2011,Dijon,Eglise Sainte-Bernadette
Bourgogne (Bourgogne-Franche-Comté),I,2012,Dijon,Faculté des sciences
Bourgogne (Bourgogne-Franche-Comté),I,2013,Dijon,Hôtel des Postes
Bourgogne (Bourgogne-Franche-Comté),I,1975,Dijon,Immeuble Modern style
Bourgogne (Bourgogne-Franche-Comté),I,2007,Dijon,Villa Vurpillot
Bretagne,I,1995,Dinan,Gare S.N.C.F.
Bretagne,I,2009,Etables-sur-Mer,Villa Le Caruhel
Bretagne,I,1995,Fréhel,Villa Collignon
Bretagne,I,1995,Lannion,Chapelle de l'Institution Saint-Joseph (actuellement collège Saint-Joseph)
Bretagne,I,1995,Pléneuf-Val-André,Villa Les Pommiers
Bretagne,I,1995,Saint-Brieuc,Grand Séminaire
Bretagne,I,1995,Saint-Quay-Portrieux,Cinéma-dancing
Limousin (Nouvelle-Aquitaine),I,2004,Saint-Vaury,Eglise Saint-Julien-de-Brioude et Saint-Vaury
Poitou-Charentes (Nouvelle-Aquitaine),I,2003,Niort,Hôpital de Niort
Poitou-Charentes (Nouvelle-Aquitaine),C,2012,Saint-Maixent-l'Ecole,"Ancienne abbaye, actuellement Caserne Canclaux"
Aquitaine (Nouvelle-Aquitaine),I,2008,Bergerac,Maison Pic
Aquitaine (Nouvelle-Aquitaine),I,2000,Ribérac,Eglise Notre-Dame de la Paix
Franche-Comté (Bourgogne-Franche-Comté),I,2009,Audincourt,Eglise de l'Immaculée Conception
Franche-Comté (Bourgogne-Franche-Comté),C,1996,Audincourt,Eglise du Sacré-Coeur
Franche-Comté (Bourgogne-Franche-Comté),I,1986,Besançon,Usine Dodane
Ile-de-France,I,2002,Bures-sur-Yvette,"Anneau de collisions d'Orsay, sis au Centre Universitaire d'Orsay"
Ile-de-France,I,1987,Corbeil-Essonnes,Grands Moulins de Corbeil
Ile-de-France,I,1974,Sainte-Geneviève-des-Bois,Eglise orthodoxe russe Notre-Dame-de-l'Assomption
Haute-Normandie (Normandie),I,1975,Saint-Pierre-du-Vauvray,Pont sur la Seine
Centre (Centre-Val de Loire),I,2002,Chartres,Eglise Saint-Jean-Baptiste
Centre (Centre-Val de Loire),I,1994,Chartres,Hôtel des Postes
Centre (Centre-Val de Loire),I,1995,Coudray (Le),Séminaire des barbelés
Centre (Centre-Val de Loire),I,2002,Lèves,Eglise Saint-Lazare
Centre (Centre-Val de Loire),I,2003,Senonches,Cinéma l'Ambiance
Bretagne,I,1997,Bénodet,"ancienne villa Magdalena ou Kermadalen, puis villa le Minaret, actuellement Hôtel le Minaret"
Bretagne,I,1997,Brest,"Hôpital Augustin-Morvan, actuellement Centre hospitalier universitaire"
Bretagne,I,1995,Brest,Villa Mathon
Bretagne,I,1995,Locquénolé,"Maison Kerautem, dite manoir de Lesenor"
Bretagne,I,1996,Ploumoguer,Maison Quéré
Bretagne,I,2006,Quimper,"Immeuble dit ""Ty Kodak"""
Languedoc-Roussillon (Occitanie),I,1993,Aramon,Arènes
Languedoc-Roussillon (Occitanie),I,2014,Bagnols-sur-Cèze,Villa de la Cité du Bosquet
Languedoc-Roussillon (Occitanie),I,2014,Bagnols-sur-Cèze,Villa de la Cité du Bosquet
Languedoc-Roussillon (Occitanie),I,2008,Grand-Combe (La),Puits Ricard
Languedoc-Roussillon (Occitanie),I,2011,Lédenon,Villa solaire Gosselin située quartier des Garrigues-Basses
Languedoc-Roussillon (Occitanie),I,2002,Nîmes,Eglise Notre-Dame du Suffrage et Saint-Dominique
Languedoc-Roussillon (Occitanie),I,2002,Nîmes,Lycée technologique régional Dhuoda
Languedoc-Roussillon (Occitanie),I,2011,Nîmes,Villa Roche
Languedoc-Roussillon (Occitanie),I,2013,Saint-Théodorit,Ancienne cave coopérative
Languedoc-Roussillon (Occitanie),I,2013,Tavel,Cave coopérative de Tavel
Aquitaine (Nouvelle-Aquitaine),I,1991,Bègles,Piscine municipale - établissement de bains-douches
Aquitaine (Nouvelle-Aquitaine),C,1998,Bordeaux,Bourse du Travail
Aquitaine (Nouvelle-Aquitaine),I,2014,Bordeaux,Caisse d'Epargne de Meriadeck
Aquitaine (Nouvelle-Aquitaine),I,2014,Bordeaux,Caserne des pompiers de La Benauge
Aquitaine (Nouvelle-Aquitaine),I,2002,Floirac,Maison Lemoine
Aquitaine (Nouvelle-Aquitaine),I,2002,Langoiran,Cinéma Splendid
Aquitaine (Nouvelle-Aquitaine),I,1990,Lège-Cap-Ferret,Maison du lotissement Le Corbusier
Aquitaine (Nouvelle-Aquitaine),I,1990,Lège-Cap-Ferret,Maison du lotissement Le Corbusier
Aquitaine (Nouvelle-Aquitaine),I,1990,Lège-Cap-Ferret,Maison du lotissement Le Corbusier
Aquitaine (Nouvelle-Aquitaine),I,1990,Lège-Cap-Ferret,Maison du lotissement Le Corbusier
Aquitaine (Nouvelle-Aquitaine),I,1990,Lège-Cap-Ferret,Maison du lotissement Le Corbusier
Aquitaine (Nouvelle-Aquitaine),I,1990,Lège-Cap-Ferret,Maison du lotissement Le Corbusier
Aquitaine (Nouvelle-Aquitaine),I,1990,Lège-Cap-Ferret,Maison du lotissement Le Corbusier
Aquitaine (Nouvelle-Aquitaine),I,2000,Lormont,Eglise paroissiale du Saint-Esprit
Aquitaine (Nouvelle-Aquitaine),C,1980,Pessac,Immeuble faisant partie du Quartier moderne de Frugès
Aquitaine (Nouvelle-Aquitaine),I,2009,Pessac,Maison
Aquitaine (Nouvelle-Aquitaine),I,2009,Pessac,Maison
Aquitaine (Nouvelle-Aquitaine),I,2011,Pessac,Maison
Aquitaine (Nouvelle-Aquitaine),I,2009,Pessac,Maison
Aquitaine (Nouvelle-Aquitaine),I,2009,Pessac,Maison
Aquitaine (Nouvelle-Aquitaine),I,2009,Pessac,Maison
Aquitaine (Nouvelle-Aquitaine),I,2009,Pessac,Maison
Aquitaine (Nouvelle-Aquitaine),I,2011,Pessac,Maison
Aquitaine (Nouvelle-Aquitaine),I,2012,Pessac,Maison
Aquitaine (Nouvelle-Aquitaine),I,2012,Pessac,Maison
Aquitaine (Nouvelle-Aquitaine),I,2011,Pessac,"Maison "" jumelle "" du lotissement Frugès"
Aquitaine (Nouvelle-Aquitaine),I,2011,Pessac,Maison de type gratte-ciel
Aquitaine (Nouvelle-Aquitaine),I,2011,Pessac,Maison de type gratte-ciel
Aquitaine (Nouvelle-Aquitaine),I,2011,Pessac,Maison de type Quinconce
Aquitaine (Nouvelle-Aquitaine),C,2013,Pessac,Maison du lotissement Frugès
Aquitaine (Nouvelle-Aquitaine),C,2013,Pessac,Maison du lotissement Frugès
Aquitaine (Nouvelle-Aquitaine),C,2013,Pessac,Maison du lotissement Frugès
Aquitaine (Nouvelle-Aquitaine),C,2013,Pessac,Maison du lotissement Frugès de type quinconce
Aquitaine (Nouvelle-Aquitaine),C,2006,Podensac,Château Chavat
Aquitaine (Nouvelle-Aquitaine),I,2007,Saint-Symphorien,"Maison Siclis, ancien castel Martchiot"
Aquitaine (Nouvelle-Aquitaine),I,2011,Teste-de-Buch (La),Villa Geneste
Aquitaine (Nouvelle-Aquitaine),I,2001,Teste-de-Buch (La),Villa Téthys
Guadeloupe,I,2008,Abymes (Les),"Maison Petrelluzzi, sise Morne-Fleuri"
Guadeloupe,I,2013,Abymes (Les),Monument aux morts
Guadeloupe,I,2006,Basse-Terre,Eglise Notre-Dame du Mont-Carmel
Guadeloupe,C,1997,Basse-Terre,Palais d'Orléans ou Palais du Gouverneur
Guadeloupe,C,1997,Basse-Terre,Palais de Justice
Guadeloupe,C,1997,Basse-Terre,Palais du Conseil Général
Guadeloupe,I,2008,Désirade (La),"Station météorologique, située à la pointe des châteaux sur l'île de la Désirade"
Guadeloupe,I,2009,Lamentin,Eglise de la Sainte-Trinité
Guadeloupe,I,2009,Lamentin,Groupe scolaire
Guadeloupe,I,2013,Lamentin,Habitation Routa
Guadeloupe,I,2009,Lamentin,Hôtel de Ville
Guadeloupe,I,2009,Lamentin,Maison mortuaire
Guadeloupe,I,2009,Lamentin,Marché
Guadeloupe,I,2009,Lamentin,Presbytère
Guadeloupe,I,1992,Morne-à-l'Eau,Eglise de la paroisse Saint-André
Guadeloupe,I,2013,Pointe-à-Pitre,Capitainerie
Guadeloupe,C,2011,Pointe-à-Pitre,Hôtel de Ville
Guadeloupe,I,2006,Pointe-à-Pitre,Usine sucrière Darboussier
Guadeloupe,I,1992,Pointe-Noire,Mairie
Guyane,C,2013,Cayenne,Ancien Hôpital Jean Martial
Guyane,C,2012,Cayenne,Cathédrale Saint-Sauveur
Alsace (Grand-Est),C,1932,Lapoutroie,Champ de bataille de la Tête-des-Faux (également sur commune de Le Bonhomme)
Alsace (Grand-Est),I,1990,Mulhouse,Eglise catholique Sainte-Jeanne-d'Arc
Alsace (Grand-Est),I,2006,Mulhouse,Immeuble dit Bâtiment annulaire
Alsace (Grand-Est),I,1932,Neuf-Brisach,Porte du Fort Mortier
Corse,I,2008,Bastia,Centre paroissial Notre-Dame des Victoires
Midi-Pyrénées (Occitanie),I,1999,Bagnères-de-Luchon,Casino
Midi-Pyrénées (Occitanie),I,1999,Longages,"Halle-mairie, actuellement bibliothèque municipale"
Midi-Pyrénées (Occitanie),I,2004,Montréjeau,Halle
Midi-Pyrénées (Occitanie),I,1994,Toulouse,Bibliothèque municipale
Midi-Pyrénées (Occitanie),I,2007,Toulouse,Couvent - studium des Dominicains de Rangueil
Midi-Pyrénées (Occitanie),I,2006,Toulouse,Immeuble
Midi-Pyrénées (Occitanie),I,1997,Toulouse,"Immeuble dit de ""La Dépêche du Midi"""
Midi-Pyrénées (Occitanie),I,1993,Toulouse,Piscine municipale Alfred Nakache
Midi-Pyrénées (Occitanie),I,1997,Toulouse,Soufflerie de Banlève
Midi-Pyrénées (Occitanie),I,1997,Toulouse,Usine aéronautique Latécoère de Montaudran
Auvergne (Auvergne-Rhône-Alpes),I,2002,Puy-en-Velay (Le),Eglise Sainte-Thérèse du Val-Vert
Franche-Comté (Bourgogne-Franche-Comté),I,2003,Demangevelle,Ancienne salle des fêtes de la filature
Franche-Comté (Bourgogne-Franche-Comté),I,1994,Gray,Gare routière
Franche-Comté (Bourgogne-Franche-Comté),I&C,1965,Ronchamp,Chapelle Notre-Dame-du-Haut
Franche-Comté (Bourgogne-Franche-Comté),I,2001,Ronchamp,Chevalement du puits Sainte-Marie
Rhône-Alpes (Auvergne-Rhône-Alpes),I,1991,Arâches,"Hôtel Le Flaine, station de Flaine"
Rhône-Alpes (Auvergne-Rhône-Alpes),I,1986,Evian-les-Bains,Ancien établissement thermal
Limousin (Nouvelle-Aquitaine),I,1975,Limoges,"Ancien pavillon frigorifique, dit pavillon du Verdurier"
Limousin (Nouvelle-Aquitaine),I,1975,Limoges,Gare des Bénédictins
Limousin (Nouvelle-Aquitaine),I,2014,Limoges,Maison du peuple
Limousin (Nouvelle-Aquitaine),I,2012,Oradour-sur-Glane,Eglise Saint-Martin du nouveau bourg d'Oradour-sur-Glane
Limousin (Nouvelle-Aquitaine),I,1998,Saint-Martin-Terressus,Villa Monteux
Midi-Pyrénées (Occitanie),I,2006,Capvern,Eglise de Capvern-les-Bains
Midi-Pyrénées (Occitanie),I,1995,Lourdes,Domaine du sanctuaire de Lourdes
Ile-de-France,I,2000,Bois-Colombes,Soufflerie Hispano-Suiza
Ile-de-France,I,1975,Boulogne-Billancourt,Atelier de Dora Gordine
Ile-de-France,I,1975,Boulogne-Billancourt,Atelier Lipchitz
Ile-de-France,I,1975,Boulogne-Billancourt,Hôtel de ville
Ile-de-France,I&C,1972,Boulogne-Billancourt,Immeuble
Ile-de-France,I,1975,Boulogne-Billancourt,Maison
Ile-de-France,I,1984,Boulogne-Billancourt,Maison Collinet
Ile-de-France,I,1972,Boulogne-Billancourt,Maison Cook
Ile-de-France,I,1975,Boulogne-Billancourt,Maison cubiste du peintre Alfred Lombard
Ile-de-France,I,1975,Boulogne-Billancourt,Maison Mietschaninoff
Ile-de-France,I&C,1972,Bourg-la-Reine,Immeuble dit Villa ou Tour Hennebique
Ile-de-France,I,2004,Châtillon,Eglise Notre-Dame du Calvaire
Ile-de-France,C,2009,Clamart,Bibliothèque pour enfants
Ile-de-France,I,2003,Clamart,Hospice Ferrari
Ile-de-France,I,1976,Garches,Propriété de Nubar Bey
Ile-de-France,I,2007,Issy-les-Moulineaux,Eglise Notre-Dame des Pauvres
Ile-de-France,C,2008,Issy-les-Moulineaux,"La Tour aux Figures, de Jean Dubuffet"
Ile-de-France,I,2004,Malakoff,"Ancienne Ecole Supérieure d'Électricité, actuelle Faculté de droit de l'Université René-Descartes - Paris V"
Ile-de-France,C,1983,Meudon,Maison André-Bloc
Ile-de-France,C,1972,Meudon,Musée Rodin ou Villa les Brillants
Ile-de-France,I&C,2000,Meudon,Office National d'Etudes et de Recherches Aérospatiales (ONERA)
Ile-de-France,I,1965,Meudon,Villa Van Doesburg
Ile-de-France,I,2006,Montrouge,Eglise Saint-Jacques le Majeur
Ile-de-France,I,1984,Neuilly-sur-Seine,Ancien hôtel Lambiotte
Ile-de-France,I,1966,Neuilly-sur-Seine,Maisons Jaoul
Ile-de-France,I,2014,Sceaux,Maison Badin
Ile-de-France,I,2010,Sceaux,Maison d'André Lurçat
Ile-de-France,I,2000,Sceaux,Villa Larrey
Ile-de-France,I,2005,Sceaux,Villa Trapenard
Ile-de-France,C,2002,Suresnes,Ecole de plein air
Ile-de-France,I&C,1993,Suresnes,Lycée Paul Langevin
Ile-de-France,I,1975,Vaucresson,Villa Stein
Ile-de-France,I,1975,Ville-d'Avray,Villa Augier-Prouvost
Ile-de-France,I,1974,Ville-d'Avray,Villa Hefferlin
Languedoc-Roussillon (Occitanie),C,1996,Agde,Villa dite château Laurens
Languedoc-Roussillon (Occitanie),I&C,2001,Béziers,"Ancien centre d'apprentissage pour garçons, actuel lycée professionnel Jean Mermoz"
Languedoc-Roussillon (Occitanie),I,2008,Mauguio,Ancienne motte féodale et jardin de la Motte
Languedoc-Roussillon (Occitanie),I,2002,Montpellier,Eglise paroissiale Sainte-Thérèse-de-Lisieux ou Eglise Sainte-Thérèse-de-l'Enfant-Jésus-et-de-la-Sainte-Face
Languedoc-Roussillon (Occitanie),C,1947,Montpellier,Hôpital Général Saint-Charles et clinique Saint-Charles
Languedoc-Roussillon (Occitanie),I,2008,Sète,Anciens entrepôts Dubonnet
Bretagne,C,2012,Saint-Malo,Phare du Grand-Jardin
Centre (Centre-Val de Loire),I,2001,Châteauroux,Centre social (maison du Peuple)
Centre (Centre-Val de Loire),I,2001,Châteauroux,Chambre de Commerce et d'Industrie de l'Indre
Centre (Centre-Val de Loire),I,1991,Déols,Ancienne usine Marcel Bloch
Centre (Centre-Val de Loire),I,1977,Tours,Ancien couvent des Capucins
Centre (Centre-Val de Loire),I,1996,Tours,Bibliothèque municipale
Centre (Centre-Val de Loire),I,2000,Tours,Imprimerie Mame
Rhône-Alpes (Auvergne-Rhône-Alpes),I,1989,Grenoble,Garage hélicoïdal
Rhône-Alpes (Auvergne-Rhône-Alpes),I,1975,Grenoble,"Tour Perret, située dans le parc Paul-Mistral"
Rhône-Alpes (Auvergne-Rhône-Alpes),C,1994,Livet-et-Gavet,Centrale hydroélectrique des Vernes
Rhône-Alpes (Auvergne-Rhône-Alpes),I,2007,Saint-Marcellin,"Maison dite "" le Bateau Ivre """
Rhône-Alpes (Auvergne-Rhône-Alpes),C,1992,Saint-Martin-le-Vinoux,Maison dite Casamaures
Rhône-Alpes (Auvergne-Rhône-Alpes),I,2003,Vienne,Villa Vaganay
Franche-Comté (Bourgogne-Franche-Comté),I&C,2006,Dole,Eglise Saint-Jean l'Evangéliste
Franche-Comté (Bourgogne-Franche-Comté),I,1997,Port-Lesney,Pont bow-string de la route départementale no 48
Aquitaine (Nouvelle-Aquitaine),I,2007,Amou,Arènes Jean Lafittau
Aquitaine (Nouvelle-Aquitaine),I,2007,Bascons,Arènes Jean de Lahourtique
Aquitaine (Nouvelle-Aquitaine),I,2000,Dax,Atrium Casino
Aquitaine (Nouvelle-Aquitaine),I,1991,Dax,"Hôtel Splendid, actuellement Grand Hôtel Mercure Splendid"
Aquitaine (Nouvelle-Aquitaine),I,2007,Mont-de-Marsan,Eglise Saint-Vincent de Paul
Aquitaine (Nouvelle-Aquitaine),I,2007,Saint-Martin-de-Seignanx,Villa Saint-Jean
Aquitaine (Nouvelle-Aquitaine),I,1991,Soorts-Hossegor,Sporting-Casino
Centre (Centre-Val de Loire),C,1996,Blois,Basilique Notre-Dame de la Trinité
Centre (Centre-Val de Loire),I,1997,Blois,Chocolaterie Poulain
Centre (Centre-Val de Loire),I,2002,Romorantin-Lanthenay,"Usine Normant, actuellement usine Matra Automobile"
Centre (Centre-Val de Loire),I,1980,Salbris,Propriété dite La Saulot
Rhône-Alpes (Auvergne-Rhône-Alpes),C,2012,Firminy,Eglise Saint-Pierre de Firminy
Rhône-Alpes (Auvergne-Rhône-Alpes),C,1984,Firminy,Maison de la Culture Le Corbusier
Rhône-Alpes (Auvergne-Rhône-Alpes),I,2005,Firminy,Piscine municipale
Rhône-Alpes (Auvergne-Rhône-Alpes),C,1984,Firminy,Stade Le Corbusier
Rhône-Alpes (Auvergne-Rhône-Alpes),C,1993,Firminy,Unité d'habitation construite par Le Corbusier
Rhône-Alpes (Auvergne-Rhône-Alpes),I,2003,Ricamarie (La),Puits des Combes
Rhône-Alpes (Auvergne-Rhône-Alpes),I,2008,Saint-Etienne,Eglise Saint-François-Régis
Rhône-Alpes (Auvergne-Rhône-Alpes),I,2002,Saint-Etienne,Hôpital de la Charité
Rhône-Alpes (Auvergne-Rhône-Alpes),I,1989,Saint-Etienne,Hôtel Subit-Gouyon
Rhône-Alpes (Auvergne-Rhône-Alpes),I,1994,Saint-Etienne,Immeuble
Rhône-Alpes (Auvergne-Rhône-Alpes),I,2003,Saint-Etienne,Immeuble moderne d'Auguste Bossu
Rhône-Alpes (Auvergne-Rhône-Alpes),I,1989,Saint-Etienne,"Immeuble, dit Chalet de Bizillon"
Pays de la Loire,I,2010,Nantes,Ensemble paroissial Sainte-Thérèse
Pays de la Loire,I,2002,Pornichet,Villa Ker Souveraine dite aussi villa Rose ou villa des Sirènes
Pays de la Loire,C,2001,Rezé,Maison radieuse
Pays de la Loire,I,1998,Varades,Château de la Madeleine dit Palais Briau
Centre (Centre-Val de Loire),I,2006,Orléans,Parc floral de la Source
Aquitaine (Nouvelle-Aquitaine),I,1986,Agen,Ancien théâtre Ducourneau
Aquitaine (Nouvelle-Aquitaine),I,2000,Agen,Eglise du Sacré-Coeur
Aquitaine (Nouvelle-Aquitaine),I,2001,Passage (Le),Eglise Sainte-Jehanne de France
Pays de la Loire,I,2004,Angers,Bâtiment de la Compagnie française d'Aviation
Pays de la Loire,I,1998,Angers,Maison Bleue
Pays de la Loire,I,2004,Angers,Maison-clairière
Pays de la Loire,C,1991,Cholet,Eglise du Sacré-Coeur
Pays de la Loire,C,2013,Montreuil-Bellay,Ancien camp d'internement de tsiganes
Pays de la Loire,I,1991,Rou-Marson,Château de Marson
Basse-Normandie (Normandie),I,2001,Cherbourg,Ancien Hôtel Atlantique
Basse-Normandie (Normandie),I,1989,Cherbourg,Ancienne gare maritime
Basse-Normandie (Normandie),C,1995,Cherbourg,Batterie d'artillerie du Roule
Basse-Normandie (Normandie),I,2010,Coutances,Halle aux poissons
Basse-Normandie (Normandie),C,2003,Ecausseville,Hangar à dirigeables
Basse-Normandie (Normandie),C,1995,Equeurdreville-Hainneville,Rampe de lancement de V1 de Brécourt
Basse-Normandie (Normandie),I,2009,Fermanville,Phare du Cap Lévi
Basse-Normandie (Normandie),I,2005,Graignes,Eglise
Basse-Normandie (Normandie),I,1994,Granville,Batterie d'artillerie du Roc
Basse-Normandie (Normandie),I,1992,Granville,Casino de Granville
Basse-Normandie (Normandie),I,2012,Jullouville,Colonie de vacances de la ville de Saint-Ouen
Basse-Normandie (Normandie),I,2006,Picauville,Chapelle du Bon Sauveur (également sur commune d'Etienville)
Basse-Normandie (Normandie),I,2005,Saint-Jean-des-Baisants,Eglise
Basse-Normandie (Normandie),C,2008,Saint-Lô,Hôpital - mémorial France - Etats-Unis
Basse-Normandie (Normandie),C,1920,Valognes,Eglise Saint-Malo
Champagne-Ardenne (Grand-Est),I,1990,Epernay,"Bâtiments de la Société ""Champagne de Castellane"""
Champagne-Ardenne (Grand-Est),I,1991,Mondement-Montgivroux,Monument commémoratif de la Première Victoire de la Marne
Champagne-Ardenne (Grand-Est),I,1983,Reims,Bibliothèque Carnégie
Champagne-Ardenne (Grand-Est),I,1981,Reims,Cinéma-opéra
Champagne-Ardenne (Grand-Est),C,2002,Reims,Eglise Saint-Nicaise
Champagne-Ardenne (Grand-Est),C,1990,Reims,Halles centrales
Champagne-Ardenne (Grand-Est),C,1953,Reims,Hôtel des postes
Champagne-Ardenne (Grand-Est),I,2001,Reims,Piscine du Tennis-Club
Champagne-Ardenne (Grand-Est),I,1992,Reims,"Villa ""Douce"""
Champagne-Ardenne (Grand-Est),I,1989,Saint-Hilaire-le-Grand,Chapelle orthodoxe russe
Champagne-Ardenne (Grand-Est),C,1922,Verzy,"abris de blockhaus à mitraillettes, à 10 m de la gare"
Martinique,I,1992,Ducos,demeure dite Château Aubéry
Martinique,I,2012,Fonds-Saint-Denis,Observatoire du Morne des Cadets
Martinique,I,2009,Fort-de-France,Eglise Notre-Dame du Rosaire
Martinique,I,2011,Fort-de-France,Eglise Sainte-Thérèse
Martinique,I,2010,Fort-de-France,"Immeuble, boulangerie SURENA"
Martinique,I,2010,Fort-de-France,Lycée Schoelcher
Martinique,I,1992,Fort-de-France,Maison
Martinique,C,2014,Fort-de-France,Maison d'Aimé Césaire
Martinique,I,2015,Fort-de-France,Maison Didier
Martinique,I,1990,Fort-de-France,Préfecture
Martinique,I,2004,Fort-de-France,Villa Louisiane
Martinique,I,2010,Fort-de-France,Villa Monplaisir
Martinique,I,2012,Prêcheur (Le),Eglise Saint-Joseph
Martinique,I,2013,Prêcheur (Le),"Phare du Prêcheur, situé quartier Abymes"
Martinique,I,1995,Saint-Esprit,Eglise du Saint-Esprit
Martinique,I,1995,Saint-Pierre,"Ancienne cathédrale Notre-Dame-de-l'Assomption, actuellement église du Mouillage"
Pays de la Loire,I,2014,Laval,Bâtiment des bains-douches
Lorraine (Grand-Est),C,2013,Baccarat,Eglise Saint-Rémy
Lorraine (Grand-Est),I,1993,Briey,Cité Radieuse
Lorraine (Grand-Est),I,1999,Doncourt-lès-Conflans,Bâtiment de l'Aéroclub
Lorraine (Grand-Est),C,1922,Hablainville,Observatoire
Lorraine (Grand-Est),I,2012,Laneuveville-devant-Nancy,Papeterie de la Rochette
Lorraine (Grand-Est),I,2001,Lunéville,Eglise Sainte-Jeanne-d'Arc
Lorraine (Grand-Est),C,1922,Manonviller,Poste de secours dit de Manonvillers£
Lorraine (Grand-Est),I,2003,Nancy,Ancien siège de la société des Hauts-Fourneaux et Fonderies de Pont-à-Mousson
Lorraine (Grand-Est),C,1996,Nancy,Immeuble
Lorraine (Grand-Est),C,1998,Nancy,Immeuble France-Lanord
Lorraine (Grand-Est),I,1994,Nancy,"Immeuble, ancienne imprimerie Royer"
Lorraine (Grand-Est),C,1923,Nancy,Opéra - théâtre
Lorraine (Grand-Est),I,2012,Vandoeuvre-lès-Nancy,Eglise Saint-François-d'Assise
Lorraine (Grand-Est),C,1998,Beaulieu-en-Argonne,"Ermitage de Saint-Rouin, puis chapelle de pèlerinage"
Lorraine (Grand-Est),C,1922,Douaumont,Monument dit Tranchée des Baïonnettes
Lorraine (Grand-Est),C,1996,Fleury-devant-Douaumont,Ossuaire de Douaumont
Lorraine (Grand-Est),C,1931,Moirey-Flabas-Crépion,Poste de commandement du colonel Driant
Lorraine (Grand-Est),C,1937,Montfaucon-d'Argonne,Terrains de zone rouge
Lorraine (Grand-Est),C,1922,Varennes-en-Argonne,Abris dits du Prince Ruprecht de Bavière
Lorraine (Grand-Est),C,1937,Vauquois,Terrains de zone rouge sur la butte
Bretagne,I,2000,Bangor,Ancienne station radar de Port-Coton
Lorraine (Grand-Est),I,1995,Aumetz,Ancienne mine de fer Bassompierre
Lorraine (Grand-Est),I,1999,Ban-Saint-Martin (Le),Villa
Lorraine (Grand-Est),I,1994,Boust,Eglise Saint-Maximin
Lorraine (Grand-Est),I,1992,Freyming-Merlebach,Carreau Cuvelette
Lorraine (Grand-Est),C,1998,Metz,Eglise Sainte-Thérèse-de-l'Enfant-Jésus
Lorraine (Grand-Est),I,1970,Metz,Fort de Queuleu
Lorraine (Grand-Est),I,1975,Metz,Gare
Lorraine (Grand-Est),I,1992,Saint-Avold,Carreau de Sainte-Fontaine
Bourgogne (Bourgogne-Franche-Comté),I,2014,Clamecy,"Ancienne usine de la Société des produits chimiques de Clamecy, usine Rhodia, actuelle usine Solvay"
Bourgogne (Bourgogne-Franche-Comté),I,2000,Clamecy,Eglise Notre-Dame de Bethléem
Bourgogne (Bourgogne-Franche-Comté),I,1999,Cosne-Cours-sur-Loire,Cinéma Eden
Bourgogne (Bourgogne-Franche-Comté),I,2000,Nevers,Eglise Sainte-Bernadette du Banlay
Nord-Pas-de-Calais (Hauts-De-France),I,2001,Avelin,Maison d'habitation dite maison Sterckeman
Nord-Pas-de-Calais (Hauts-De-France),I,2001,Caudry,Maison d'industriel dite maison Dumont
Nord-Pas-de-Calais (Hauts-De-France),C,2002,Comines,Eglise Saint-Chrysole
Nord-Pas-de-Calais (Hauts-De-France),I,2000,Croix,"Maison d'habitation, maison Delcourt"
Nord-Pas-de-Calais (Hauts-De-France),C,1990,Croix,Villa Cavrois
Nord-Pas-de-Calais (Hauts-De-France),I,2001,Douai,Ancienne filature dite Les Textiles de Douai
Nord-Pas-de-Calais (Hauts-De-France),I,2010,Dunkerque,Bâtiment de la Subdivision des Phares et Balises
Nord-Pas-de-Calais (Hauts-De-France),I,1999,Dunkerque,"Feu Saint-Pol, situé jetée de Saint-Pol"
Nord-Pas-de-Calais (Hauts-De-France),I,1988,Dunkerque,Maison
Nord-Pas-de-Calais (Hauts-De-France),I,1988,Dunkerque,Maison
Nord-Pas-de-Calais (Hauts-De-France),I,1988,Dunkerque,Maison
Nord-Pas-de-Calais (Hauts-De-France),I,1988,Dunkerque,Maison dite Les Cicognes
Nord-Pas-de-Calais (Hauts-De-France),I,1988,Dunkerque,Maison dite Les Cubes
Nord-Pas-de-Calais (Hauts-De-France),I,1988,Dunkerque,Maison dite Ma Coquille
Nord-Pas-de-Calais (Hauts-De-France),I,1988,Dunkerque,Propriété (vestiges de L'excentric Moulins)
Nord-Pas-de-Calais (Hauts-De-France),I,1988,Dunkerque,Villa Moscovite ou Castel Joly
Nord-Pas-de-Calais (Hauts-De-France),C,1922,Frelinghien,Observatoire militaire 1914-1918
Nord-Pas-de-Calais (Hauts-De-France),I,2010,Gravelines,Phare de Petit-Fort-Philippe
Nord-Pas-de-Calais (Hauts-De-France),I,2005,Hautmont,Chapelle Saint-Eloi
Nord-Pas-de-Calais (Hauts-De-France),I,1995,Hem,Chapelle Sainte-Thérèse-de-l'Enfant-Jésus et de la Sainte-Face
Nord-Pas-de-Calais (Hauts-De-France),I,2000,Lambersart,Maison d'habitation Art-Déco
Nord-Pas-de-Calais (Hauts-De-France),I,2001,Lambersart,Maison d'habitation Sdez
Nord-Pas-de-Calais (Hauts-De-France),I,1999,Leval,poste d'aiguillage : tour florentine
Nord-Pas-de-Calais (Hauts-De-France),I,2002,Lille,Couvent des Dominicains
Nord-Pas-de-Calais (Hauts-De-France),C,2002,Lille,Hôtel de ville
Nord-Pas-de-Calais (Hauts-De-France),I,1997,Lille,Jardin des Plantes
Nord-Pas-de-Calais (Hauts-De-France),I,1997,Lille,"Lycée Baggio, anciennement dénommé Institut Diderot"
Nord-Pas-de-Calais (Hauts-De-France),I,2001,Lille,Observatoire de l'Institut de mathématiques appliquées et d'astronomie
Nord-Pas-de-Calais (Hauts-De-France),I,1999,Lille,Opéra de Lille
Nord-Pas-de-Calais (Hauts-De-France),I,2000,Lille,"Salle des fêtes, à Lille-Fives"
Nord-Pas-de-Calais (Hauts-De-France),I,1999,Lille,Usine élévatoire de Saint-André
Nord-Pas-de-Calais (Hauts-De-France),I,2001,Marquette-lez-Lille,Grands Moulins de Paris
Nord-Pas-de-Calais (Hauts-De-France),I,2002,Maubeuge,Eglise Saint-Pierre-Saint-Paul
Nord-Pas-de-Calais (Hauts-De-France),I,1998,Roubaix,Maison de Pierre Neveux
Nord-Pas-de-Calais (Hauts-De-France),I,2002,Saint-Saulve,Carmel de Valenciennes
Nord-Pas-de-Calais (Hauts-De-France),I&C,2001,Sebourg,"Maison Verley, dit maison-plante, maison bouteille ou maison fleur"
Nord-Pas-de-Calais (Hauts-De-France),I,1995,Tourcoing,Deux pavillons de type Metropole de Jean Prouvé
Nord-Pas-de-Calais (Hauts-De-France),I,2001,Tourcoing,Maison d'habitation Vendeveegaete
Nord-Pas-de-Calais (Hauts-De-France),I,1992,Valenciennes,Ancienne fosse Dutemple
Nord-Pas-de-Calais (Hauts-De-France),I,2001,Valenciennes,Hôtel de ville
Nord-Pas-de-Calais (Hauts-De-France),I,2003,Vieux-Condé,Chapelle de la Solitude
Nord-Pas-de-Calais (Hauts-De-France),I,2001,Villeneuve-d'Ascq,Ancien carmel
Nord-Pas-de-Calais (Hauts-De-France),I,2000,Villeneuve-d'Ascq,Musée d'Art moderne
Nord-Pas-de-Calais (Hauts-De-France),C,2010,Wallers,Ancien site minier de Wallers-Arenberg
Nord-Pas-de-Calais (Hauts-De-France),I,2000,Wambrechies,Ancienne filature de lin La Linière de Wambrechies
Nord-Pas-de-Calais (Hauts-De-France),I,2005,Wattrelos,Eglise Sainte-Thérèse de l'Enfant-Jésus
Nord-Pas-de-Calais (Hauts-De-France),C,2010,Waziers,Eglise Notre-Dame des Mineurs
Picardie (Hauts-De-France),I,2014,Boran-sur-Oise,"Piscine fluviale dit "" Plage du Lys """
Picardie (Hauts-De-France),I,2002,Cramoisy,Ancienne usine dite Parvillée
Picardie (Hauts-De-France),I,1999,Nampcel,Abri du Kronprinz
Basse-Normandie (Normandie),C,1993,Domfront,Eglise Saint-Julien
Basse-Normandie (Normandie),C,2006,Flers,Chapelle de l'ancien petit séminaire dite Chapelle du Souvenir
Ile-de-France,I,1981,Paris 10e Arrondissement,Cinéma l'Eldorado
Ile-de-France,I,1981,Paris 10e Arrondissement,Cinéma Le Louxor
Ile-de-France,I,1994,Paris 10e Arrondissement,Palais du Commerce
Ile-de-France,I,2003,Paris 11e Arrondissement,Palais de la Femme
Ile-de-France,I&C,1987,Paris 12e Arrondissement,"Ancien Musée National des Arts Africains et Océaniens, devenu Cité nationale de l'histoire de l'Immigration"
Ile-de-France,I,1979,Paris 12e Arrondissement,Eglise du Saint-Esprit
Ile-de-France,I,1975,Paris 13e Arrondissement,Cité-refuge de l'Armée du Salut
Ile-de-France,I,1997,Paris 13e Arrondissement,Groupe scolaire
Ile-de-France,I,2012,Paris 13e Arrondissement,Halle des messageries de la Gare d'Austerlitz
Ile-de-France,I,1976,Paris 13e Arrondissement,Maison Planeix
Ile-de-France,C,1965,Paris 13e Arrondissement,Mobilier National
Ile-de-France,I,1990,Paris 13e Arrondissement,Piscine de la Butte aux Cailles
Ile-de-France,I,1994,Paris 13e Arrondissement,Tour Albert
Ile-de-France,C,1996,Paris 14e Arrondissement,"Cité du Souvenir, chapelle Saint-Yves"
Ile-de-France,C,1986,Paris 14e Arrondissement,Cité internationale Universitaire : pavillon de la Suisse
Ile-de-France,I,1985,Paris 14e Arrondissement,Cité internationale Universitaire : pavillon du Brésil ou pavillon brésilien ou maison du Brésil
Ile-de-France,C,2005,Paris 14e Arrondissement,Cité internationale universitaire : pavillon ou collège néerlandais (fondation Juliana)
Ile-de-France,I,1984,Paris 14e Arrondissement,Deux immeubles
Ile-de-France,I,1986,Paris 14e Arrondissement,Immeuble
Ile-de-France,I,1986,Paris 14e Arrondissement,Immeuble
Ile-de-France,I,2013,Paris 14e Arrondissement,Immeuble
Ile-de-France,I,2001,Paris 14e Arrondissement,Immeuble
Ile-de-France,I,2001,Paris 14e Arrondissement,"Immeuble ""Studio Hôtel"""
Ile-de-France,I,1986,Paris 14e Arrondissement,Immeuble Studio Raspail
Ile-de-France,I,1984,Paris 14e Arrondissement,Maison construite par François Lecoeur
Ile-de-France,I,1975,Paris 14e Arrondissement,Maison Guggenbuhl
Ile-de-France,I,1975,Paris 14e Arrondissement,Maison Ozenfant
Ile-de-France,I,1975,Paris 14e Arrondissement,Villa Seurat
Ile-de-France,I,1975,Paris 15e Arrondissement,Eglise Saint-Christophe-de-Javel
Ile-de-France,I,1993,Paris 15e Arrondissement,Immeuble
Ile-de-France,I,1986,Paris 15e Arrondissement,Immeuble
Ile-de-France,I,1986,Paris 15e Arrondissement,Immeuble
Ile-de-France,I,1965,Paris 15e Arrondissement,Laboratoire de la Marine
Ile-de-France,I,1995,Paris 15e Arrondissement,Lycée Camille Sée
Ile-de-France,C,1990,Paris 16e Arrondissement,Ancienne maison-atelier des sculpteurs Martel
Ile-de-France,I,1986,Paris 16e arrondissement,Caserne des pompiers
Ile-de-France,I,1966,Paris 16e arrondissement,Hôtel Guadet
Ile-de-France,I,1986,Paris 16e Arrondissement,Immeuble
Ile-de-France,I,1966,Paris 16e Arrondissement,Immeuble
Ile-de-France,I,1975,Paris 16e Arrondissement,Immeuble
Ile-de-France,I,1995,Paris 16e Arrondissement,Immeuble
Ile-de-France,C,1996,Paris 16e Arrondissement,Immeuble
Ile-de-France,I,1986,Paris 16e arrondissement,Immeuble Les Chardons
Ile-de-France,I,2006,Paris 16e Arrondissement,Immeubles dits Immeubles Walter
Ile-de-France,I,2000,Paris 16e arrondissement,Immeubles formant la rue Mallet-Stevens
Ile-de-France,C,1993,Paris 16e Arrondissement,"Palais d'Iéna, ancien Musée des Travaux Publics, actuel Conseil économique et social"
Ile-de-France,C,1980,Paris 16e Arrondissement,Palais de Chaillot
Ile-de-France,I,1990,Paris 16e Arrondissement,Piscine Molitor
Ile-de-France,C,1996,Paris 16e Arrondissement,"Villa Jeanneret-Raaf, actuellement Fondation Le Corbusier"
Ile-de-France,C,1996,Paris 16e Arrondissement,"Villa La Roche, actuellement Fondation Le Corbusier"
Ile-de-France,I&C,1987,Paris 17e Arrondissement,Ecole normale de musique Alfred Cortot
Ile-de-France,I,2001,Paris 17e Arrondissement,Eglise Sainte-Odile
Ile-de-France,I,1966,Paris 18e Arrondissement,Eglise Saint-Jean-de-Montmartre
Ile-de-France,I,1986,Paris 18e Arrondissement,Immeuble
Ile-de-France,I&C,1991,Paris 18e Arrondissement,Immeuble
Ile-de-France,I,1982,Paris 18e Arrondissement,Immeuble (Hôtel Lejeune)
Ile-de-France,I,1975,Paris 18e Arrondissement,Maison de Tristan Tzara
Ile-de-France,C,2007,Paris 19e Arrondissement,Immeuble abritant le siège du Parti Communiste Français
Ile-de-France,I,2003,Paris 19e Arrondissement,Immeuble dit Garde-meuble Odoul
Ile-de-France,I,1998,Paris 19e Arrondissement,Piscine Pailleron
Ile-de-France,I&C,1983,Paris 20e Arrondissement,Cimetière de l'Est dit cimetière du Père Lachaise
Ile-de-France,I,2001,Paris 20e Arrondissement,Eglise Saint-Jean-Bosco
Ile-de-France,I,1981,Paris 2e Arrondissement,Cinéma Rex
Ile-de-France,I,1977,Paris 2e Arrondissement,Immeuble
Ile-de-France,I,1999,Paris 3e Arrondissement,Central téléphonique
Ile-de-France,C,2007,Paris 4e Arrondissement,Mémorial des martyrs de la Déportation
Ile-de-France,C,1992,Paris 4e Arrondissement,"Mémorial du Martyr juif inconnu, actuel Centre de documentation juive contemporaine"
Ile-de-France,I,1989,Paris 4e Arrondissement,Synagogue
Ile-de-France,I,1926,Paris 5e Arrondissement,Collège de France
Ile-de-France,I,1994,Paris 5e Arrondissement,Ecole normale supérieure
Ile-de-France,I,2004,Paris 5e Arrondissement,Immeuble Le Couteur
Ile-de-France,C,1993,Paris 5e Arrondissement,Jardin des Plantes et Museum national d'Histoire naturelle
Ile-de-France,I,2011,Paris 5e Arrondissement,Maison de la Mutualité ou Palais de la Mutualité
Ile-de-France,I,1983,Paris 5e Arrondissement,Mosquée de Paris et Institut musulman
Ile-de-France,I,1998,Paris 5e Arrondissement,Piscine
Ile-de-France,I,2005,Paris 6e Arrondissement,Ancienne piscine Lutetia
Ile-de-France,I,1975,Paris 6e Arrondissement,Immeuble
Ile-de-France,I,1986,Paris 6e Arrondissement,Immeuble
Ile-de-France,I,1975,Paris 6e Arrondissement,Immeuble
Ile-de-France,I,1996,Paris 6e Arrondissement,Immeuble (Ecole nationale supérieure des Beaux-Arts)
Ile-de-France,I,1964,Paris 6e Arrondissement,Immeuble dit Maison Hennebique
Ile-de-France,I&C,1994,Paris 6e Arrondissement,Institut d'Art et d'Archéologie
Ile-de-France,I,2013,Paris 7e Arrondissement,Ancien Ministère de la Marine Marchande
Ile-de-France,I,1964,Paris 8e Arrondissement,Céramic Hôtel
Ile-de-France,C,2000,Paris 8e Arrondissement,Grand Palais
Ile-de-France,I,1991,Paris 8e Arrondissement,Immeuble
Ile-de-France,I,1991,Paris 8e Arrondissement,Immeuble
Ile-de-France,I,1986,Paris 8e Arrondissement,Immeuble
Ile-de-France,I,2002,Paris 8e Arrondissement,"Immeuble dit ""La Pagode Rouge"" ou galerie CTLoo & Cie"
Ile-de-France,I,1991,Paris 8e Arrondissement,"Immeuble, Cabaret-restaurant le Raspoutine"
Ile-de-France,I,1975,Paris 8e Arrondissement,"Petit Palais, actuellement musée des Beaux-Arts de la Ville de Paris"
Ile-de-France,I,2002,Paris 8e Arrondissement,Salle de concerts dite Salle Pleyel
Ile-de-France,C,1993,Paris 8e Arrondissement,Salle Gaveau
Ile-de-France,I,1994,Paris 8e Arrondissement,Théâtre de la Madeleine
Ile-de-France,C,1957,Paris 8e Arrondissement,Théâtre des Champs-Elysées
Ile-de-France,I,1990,Paris 9e Arrondissement,Casino de Paris
Ile-de-France,I,1999,Paris 9e Arrondissement,Central téléphonique et Poste
Ile-de-France,I,1990,Paris 9e Arrondissement,Théâtre des Folies-Bergère
Nord-Pas-de-Calais (Hauts-De-France),C,2005,Arras,Beffroi
Nord-Pas-de-Calais (Hauts-De-France),I,2006,Audinghen,Eglise Saint-Pierre
Nord-Pas-de-Calais (Hauts-De-France),I,2010,Berck,Phare de Berck
Nord-Pas-de-Calais (Hauts-De-France),I,2001,Béthune,Ancienne librairie Fournier
Nord-Pas-de-Calais (Hauts-De-France),C,2001,Béthune,Hôtel de ville
Nord-Pas-de-Calais (Hauts-De-France),I,1997,Bruay-la-Buissière,Stade-parc et école de natation
Nord-Pas-de-Calais (Hauts-De-France),I,2000,Calais,Bourse du Travail et son marché couvert
Nord-Pas-de-Calais (Hauts-De-France),I,2003,Calais,Hôtel de ville
Nord-Pas-de-Calais (Hauts-De-France),I,2000,Calais,Immeuble (ancien bureau annexe de l'Automobile Club du Nord de la France)
Nord-Pas-de-Calais (Hauts-De-France),I,1986,Eperlecques,Blockhaus
Nord-Pas-de-Calais (Hauts-De-France),I,2004,Haisnes,Ancienne fosse 6 de Lens
Nord-Pas-de-Calais (Hauts-De-France),C,2003,Hénin-Beaumont,Eglise Saint-Martin
Nord-Pas-de-Calais (Hauts-De-France),I,1984,Lens,Gare
Nord-Pas-de-Calais (Hauts-De-France),I,1992,Loos-en-Gohelle,Ancien site minier de la fosse 11-19 de la Compagnie des Mines de Lens
Nord-Pas-de-Calais (Hauts-De-France),I,2002,Marck,Eglise Saint-Martin
Nord-Pas-de-Calais (Hauts-De-France),I,1997,Neufchâtel-Hardelot,Villa Sans Gêne
Nord-Pas-de-Calais (Hauts-De-France),I&C,1992,Oignies,Ancienne fosse Declerc-Combez numéro 9-9bis
Nord-Pas-de-Calais (Hauts-De-France),C,2001,Rocquigny,Eglise Notre-Dame
Nord-Pas-de-Calais (Hauts-De-France),I,2013,Touquet-Paris-Plage (Le),Hôtel de ville
Nord-Pas-de-Calais (Hauts-De-France),I,1997,Touquet-Paris-Plage (Le),Hôtel des Postes
Nord-Pas-de-Calais (Hauts-De-France),I,1996,Touquet-Paris-Plage (Le),Marché couvert
Nord-Pas-de-Calais (Hauts-De-France),C,2011,Touquet-Paris-Plage (Le),Phare de la Canche
Nord-Pas-de-Calais (Hauts-De-France),I,1997,Touquet-Paris-Plage (Le),Tribunes de l'hippodrome de la Canche
Nord-Pas-de-Calais (Hauts-De-France),I,2005,Touquet-Paris-Plage (Le),Villa Alexandre
Nord-Pas-de-Calais (Hauts-De-France),I,1997,Touquet-Paris-Plage (Le),Villa Glenwood
Nord-Pas-de-Calais (Hauts-De-France),I,1997,Touquet-Paris-Plage (Le),Villa Karidja
Nord-Pas-de-Calais (Hauts-De-France),I,1997,Touquet-Paris-Plage (Le),Villa Le Quart-d'Heure
Nord-Pas-de-Calais (Hauts-De-France),I,1997,Touquet-Paris-Plage (Le),Villa Les Mutins
Nord-Pas-de-Calais (Hauts-De-France),I,1997,Touquet-Paris-Plage (Le),Villa Tata Ice
Nord-Pas-de-Calais (Hauts-De-France),I,1985,Wissant,Villa Le Typhonium
Auvergne (Auvergne-Rhône-Alpes),I,2001,Chamalières,Thermes Saint-Mart
Auvergne (Auvergne-Rhône-Alpes),I,2000,Clermont-Ferrand,Ancien hôpital-sanatorium Sabourin
Auvergne (Auvergne-Rhône-Alpes),I,2006,Clermont-Ferrand,Gare routière de Clermont-Ferrand
Auvergne (Auvergne-Rhône-Alpes),I,2004,Clermont-Ferrand,Immeuble
Auvergne (Auvergne-Rhône-Alpes),I,2009,Clermont-Ferrand,Villa Gros
Auvergne (Auvergne-Rhône-Alpes),I,2001,Clermont-Ferrand,Villa Lise
Aquitaine (Nouvelle-Aquitaine),I,1996,Arcangues,Domaine de la villa Berriotz
Aquitaine (Nouvelle-Aquitaine),I,2000,Ascain,Maison de Ferdinand Pinney Earle
Aquitaine (Nouvelle-Aquitaine),I,1992,Biarritz,Casino municipal
Aquitaine (Nouvelle-Aquitaine),I,1993,Biarritz,Hôtel du Palais
Aquitaine (Nouvelle-Aquitaine),I,1990,Biarritz,Hôtel Plaza
Aquitaine (Nouvelle-Aquitaine),I,1993,Ciboure,Feu amont d'alignement du port
Aquitaine (Nouvelle-Aquitaine),I,1992,Ciboure,Villa Lehen-Tokia
Aquitaine (Nouvelle-Aquitaine),C,1995,Ciboure,Villa Leïhorra
Aquitaine (Nouvelle-Aquitaine),I,2000,Pau,Eglise Saint-Joseph
Aquitaine (Nouvelle-Aquitaine),I,1993,Saint-Jean-de-Luz,Feu aval d'alignement du port
Aquitaine (Nouvelle-Aquitaine),I,1995,Salies-de-Béarn,Casino
Languedoc-Roussillon (Occitanie),I,1987,Cerbère,ancien hôtel Belvédère du Rayon vert
Languedoc-Roussillon (Occitanie),I,2011,Font-Romeu-Odeilla-Via,Immeuble des maisons solaires Trombe-Michel
Languedoc-Roussillon (Occitanie),I,2009,Font-Romeu-Odeillo-Via,Four solaire d'Odeillo
Languedoc-Roussillon (Occitanie),I,1997,Perpignan,"Cinéma ""Castillet"""
Réunion,I,2000,Cilaos,Eglise paroissiale Notre-Dame-des-Neiges
Réunion,I,2010,Saint-André,Temple Mardévirin
Réunion,I,2011,Saint-Benoît,Caserne de gendarmerie
Réunion,I,2010,Saint-Benoît,Temple de Morange
Réunion,I,2011,Saint-Denis,"Immeuble construit par Jean Bossu, à l'angle des rues Félix-Guyon et Maréchal-Leclerc"
Réunion,I,2014,Saint-Denis,Immeuble de la Poste
Réunion,I,2011,Saint-Denis,Immeubles de la Direction de l'Agriculture et de la Forêt
Réunion,I,2006,Saint-Denis,Maison dite Bossu
Réunion,I,2012,Saint-Paul,Théâtre de plein air de Saint-Gilles-les-Bains
Réunion,I,2006,Saint-Pierre,Lavoir dit Casabona
Rhône-Alpes (Auvergne-Rhône-Alpes),I,1990,Dardilly,Emetteur radio
Rhône-Alpes (Auvergne-Rhône-Alpes),C,1979,Eveux,Couvent Sainte-Marie-de-la-Tourette
Rhône-Alpes (Auvergne-Rhône-Alpes),I,1991,Lyon,"Ancienne école de tissage, actuellement lycée technique d'enseignement"
Rhône-Alpes (Auvergne-Rhône-Alpes),I,1991,Lyon,Villa
Rhône-Alpes (Auvergne-Rhône-Alpes),I,1991,Lyon,Villa
Rhône-Alpes (Auvergne-Rhône-Alpes),I,1989,Lyon 03,bourse du travail
Rhône-Alpes (Auvergne-Rhône-Alpes),I,1967,Lyon 03,Hôpital Edouard Herriot ou hôpital de Grange-Blanche
Rhône-Alpes (Auvergne-Rhône-Alpes),I,1992,Lyon 07,Garage Citroën
Rhône-Alpes (Auvergne-Rhône-Alpes),I,1967,Lyon 07,Stade municipal dit stade Gerland
Rhône-Alpes (Auvergne-Rhône-Alpes),I,1991,Lyon 09,Immeuble
Rhône-Alpes (Auvergne-Rhône-Alpes),I,2007,Sainte-Foy-lès-Lyon,Séminaire Saint-Irénée
Rhône-Alpes (Auvergne-Rhône-Alpes),I,2011,Vaulx-en-Velin,Usine Tase
Rhône-Alpes (Auvergne-Rhône-Alpes),I,2006,Vénissieux,Eglise Sainte-Jeanne-d'Arc de Parilly
Rhône-Alpes (Auvergne-Rhône-Alpes),I,2003,Vénissieux,Groupe scolaire Louis-Pasteur
Rhône-Alpes (Auvergne-Rhône-Alpes),I,1991,Villeurbanne,Hôtel de ville
Rhône-Alpes (Auvergne-Rhône-Alpes),I,1991,Villeurbanne,Villa dite Villa Lafont
Saint-Pierre-et-Miquelon,C,2012,Miquelon-Langlade,Phare de Pointe-Plate
Bourgogne (Bourgogne-Franche-Comté),C,1996,Chalon-sur-Saône,Chapelle de la Colombière
Bourgogne (Bourgogne-Franche-Comté),I,2013,Chalon-sur-Saône,"Espace des Arts et Maison des Sports, anciennement "" Maison de la Culture et des Sports """
Bourgogne (Bourgogne-Franche-Comté),I,2012,Chalon-sur-Saône,Lycée Nicéphore-Niepce (anciennement École Nationale Professionnelle)
Bourgogne (Bourgogne-Franche-Comté),I,1999,Louhans,Théâtre municipal
Bourgogne (Bourgogne-Franche-Comté),I,2013,Mazille,Carmel de la Paix
Bourgogne (Bourgogne-Franche-Comté),I,2000,Montceau-les-Mines,Site du lavoir des Chavannes (également sur commune de Saint-Vallier)
Bourgogne (Bourgogne-Franche-Comté),I,2000,Saint-Vallier,Site du lavoir des Chavannes
Pays de la Loire,I,2008,Mans (Le),Autogare de la S.T.A.O. (Société des transports automobiles de l'Ouest)
Pays de la Loire,I,2002,Marçon,Restaurant scolaire
Pays de la Loire,I,2011,Vallon-sur-Gée,Manoir de Guiberne
Rhône-Alpes (Auvergne-Rhône-Alpes),I&C,1987,Aix-les-Bains,Ancien Hôtel Royal ou Palace Royal
Rhône-Alpes (Auvergne-Rhône-Alpes),I,1987,Modane,Ancienne rizerie des Alpes
Rhône-Alpes (Auvergne-Rhône-Alpes),I,2005,Saint-Bon-Tarentaise,Chapelle Notre-Dame de l'Assomption à Courchevel 1850
Ile-de-France,I,1998,Courpalay,Silo à grains
Ile-de-France,I,1965,Esbly,Pont sur la Marne (également sur commune d'Isles-lès-Villenoy)
Ile-de-France,I,1965,Isles-lès-Villenoy,Pont sur la Marne
Ile-de-France,I,1998,Meaux,Chapelle de l'ancien grand séminaire
Ile-de-France,I,2002,Nemours,Musée de Préhistoire d'Ile-de-France
Ile-de-France,I&C,1986,Noisiel,Ancienne usine Menier
Ile-de-France,I,1986,Saint-Fargeau-Ponthierry,Ancienne usine Leroy
Haute-Normandie (Normandie),I,2001,Arques-la-Bataille,Groupe scolaire
Haute-Normandie (Normandie),I,2002,Dieppe,Eglise du Sacré-Coeur de Janval
Haute-Normandie (Normandie),I,2012,Dieppe,Villa Perrotte
Haute-Normandie (Normandie),I,1996,Fontaine-la-Mallet,Batterie d'artillerie de Fèvretot
Haute-Normandie (Normandie),I,1996,Fontaine-la-Mallet,Batterie d'artillerie des Monts-Trottins
Haute-Normandie (Normandie),I,2001,Fontaine-la-Mallet,Eglise paroissiale Saint-Valéry
Haute-Normandie (Normandie),I,2004,Foucarmont,Eglise Saint-Martin
Haute-Normandie (Normandie),I,1996,Gonfreville-l'Orcher,Encuvement sur abri pour canon de 50 mm antichar
Haute-Normandie (Normandie),I,1996,Grand-Quevilly (Le),"Maison de contremaître de la société A. André Fils, dite maison Perret"
Haute-Normandie (Normandie),I,1965,Havre (Le),Eglise Saint-Joseph
Haute-Normandie (Normandie),I,2005,Havre (Le),Eglise Sainte-Jeanne-d'Arc
Haute-Normandie (Normandie),I,1975,Mont-Cauvaire,Ancienne chapelle du collège de Normandie
Haute-Normandie (Normandie),I,1994,Octeville-sur-Mer,Abri type R 634
Haute-Normandie (Normandie),I,1996,Octeville-sur-Mer,Batterie d'artillerie d'Ecqueville
Haute-Normandie (Normandie),I,1996,Octeville-sur-Mer,"Point-fort de Dondeneville est, dit La Ferme Hamel"
Haute-Normandie (Normandie),I,1998,Rouen,Eglise paroissiale Saint-Jean-Eudes
Haute-Normandie (Normandie),I,1981,Rouen,Eglise Saint-Nicaise
Haute-Normandie (Normandie),I,2002,Rouen,Eglise Sainte-Jeanne-d'Arc
Haute-Normandie (Normandie),I,1975,Rouen,Gare rive droite
Haute-Normandie (Normandie),I,2000,Rouen,Immeuble le Métropole
Haute-Normandie (Normandie),I,2010,Sainte-Adresse,Phare de la Hève
Haute-Normandie (Normandie),I,2004,Sotteville-lès-Rouen,Eglise Saint-Vincent-de-Paul
Haute-Normandie (Normandie),I,2001,Yvetot,Eglise paroissiale Saint-Pierre
Ile-de-France,I,1996,Blanc-Mesnil (Le),Cité d'Habitations Bon Marché
Ile-de-France,I,2005,Bobigny,Ancienne gare SNCF de la Grande Ceinture
Ile-de-France,I,2007,Bobigny,Bourse départementale du Travail
Ile-de-France,I,2006,Bobigny,Cimetière musulman
Ile-de-France,I,2006,Bobigny,"Hôpital Avicenne, ancien hôpital franco-musulman"
Ile-de-France,C,2001,Drancy,"Camp de Drancy, puis Cité de la Muette"
Ile-de-France,I,1994,Dugny,Aérogare du Bourget
Ile-de-France,C,1994,Epinay-sur-Seine,Eglise Notre-Dame-des-Missions
Ile-de-France,I,2007,Île-Saint-Denis (L'),Centre sportif municipal de Saint-Ouen situé sur le site de l'Ile des Vannes
Ile-de-France,I,2004,Neuilly-Plaisance,Eglise Notre-Dame de l'Assomption ou Notre-Dame d'Avron
Ile-de-France,I,2000,Noisy-le-Sec,Cité expérimentale de Merlan
Ile-de-France,I,1997,Pantin,Groupe scolaire (école primaire de plein air et maternelle)
Ile-de-France,I,1997,Pantin,Piscine
Ile-de-France,I,1997,Pantin,Usine élévatrice des eaux
Ile-de-France,I,1997,Pré-Saint-Gervais (Le),Groupe scolaire Jaurès-Brossolette
Ile-de-France,I,2002,Raincy (Le),Ancien parc à l'anglaise du duc d'Orléans (également sur commune des Pavillons-sous-Bois) et lycée Albert Schweitzer
Ile-de-France,C,1966,Raincy (Le),Eglise Notre-Dame (oeuvre d'Auguste Perret)
Ile-de-France,I,1997,Romainville,"Cinéma ""Le Trianon"""
Ile-de-France,I,1998,Saint-Denis,Ancienne usine Coignet
Ile-de-France,I,1998,Saint-Denis,Ancienne usine Coignet
Ile-de-France,I,1998,Saint-Denis,Ancienne usine Coignet
Ile-de-France,I,2004,Saint-Denis,Anciens ateliers de réparation SNCF de La Plaine
Ile-de-France,I,2007,Saint-Denis,Siège du Journal l'Humanité
Ile-de-France,I,1996,Villemomble,Eglise Saint-Louis
Picardie (Hauts-De-France),I,1975,Amiens,Ensemble architectural
Picardie (Hauts-De-France),I,2000,Ault,Petit casino d'Onival
Picardie (Hauts-De-France),C,2005,Grivesnes,Eglise Saint-Agnan
Picardie (Hauts-De-France),I,1994,Hangest-en-Santerre,Eglise Saint-Martin
Picardie (Hauts-De-France),I,1994,Lamotte-Warfusée,Eglise Saint-Pierre de Lamotte
Picardie (Hauts-De-France),I,2003,Longueau,Rotonde ferroviaire
Picardie (Hauts-De-France),I,2003,Montdidier,Hôtel de ville
Picardie (Hauts-De-France),I,1994,Moreuil,Eglise Saint-Vast
Picardie (Hauts-De-France),C,1997,Roye,Eglise Saint-Pierre
Midi-Pyrénées (Occitanie),I,2001,Alban,Eglise paroissiale Notre-Dame
Midi-Pyrénées (Occitanie),I,2005,Albi,Eglise Notre-Dame du Breuil
Midi-Pyrénées (Occitanie),I,2005,Albi,Eglise Saint-Jean de Rayssac
Midi-Pyrénées (Occitanie),I,2001,Aussillon,Eglise du Sacré-Coeur de Bonnecousse
Midi-Pyrénées (Occitanie),I,2005,Saint-Germain-des-Prés,Maison-atelier du peintre Carrade
Midi-Pyrénées (Occitanie),C,1994,Bourret,Ancien pont suspendu
Midi-Pyrénées (Occitanie),I,2005,Montauban,Ancien marché de Villebourbon
Midi-Pyrénées (Occitanie),I,2005,Montauban,Monument aux morts de la guerre de 1914 - 1918
Midi-Pyrénées (Occitanie),I,2005,Montauban,Pont Neuf
Franche-Comté (Bourgogne-Franche-Comté),I,1999,Belfort,Eglise Sainte-Jeanne-d'Arc
Franche-Comté (Bourgogne-Franche-Comté),I,1995,Meroux,Ouvrage de Meroux
Ile-de-France,I,1999,Aincourt,"Ancien sanatorium, faisant partie du centre hospitalier du Vexin, sis dans le parc de la Bucaille"
Ile-de-France,I,1990,Beaumont-sur-Oise,Cinéma Le Palace
Ile-de-France,C,1997,Montmagny,Chapelle Sainte-Thérèse
Ile-de-France,C,1999,Arcueil,Chapelle des Franciscains ou chapelle Perret
Ile-de-France,I,2002,Cachan,Hôtel de ville
Ile-de-France,I,2000,Gentilly,"Eglise du Sacré-Coeur, ancienne chapelle de la cité universitaire"
Ile-de-France,I,2003,Ivry-sur-Seine,Logements d'Electricité de France
Ile-de-France,I,1993,Maisons-Alfort,Ancienne usine de la Suze
Ile-de-France,I,2007,Maisons-Alfort,"Cité d'Habitations à Bon Marché du Square Dufourmantelle, délimitée par la rue Jean-Jaurès, la rue de Rome, l'avenue de la Liberté et le square Gabriel-Fauré"
Ile-de-France,C,1984,Maisons-Alfort,Eglise Sainte-Agnès
Ile-de-France,I,1994,Maisons-Alfort,Groupe scolaire Condorcet
Ile-de-France,I,2002,Maisons-Alfort,Groupe scolaire Jules-Ferry
Ile-de-France,I,1999,Rungis,Eglise Notre-Dame de l'Assomption
Ile-de-France,I&C,1975,Villejuif,Groupe scolaire Karl Marx
Ile-de-France,I,1993,Villejuif,Stade Karl-Marx
Ile-de-France,C,1996,Vincennes,Eglise Saint-Louis de Vincennes
Provence-Alpes-Côte d'Azur,I,1987,Fréjus,Mosquée de Missiri
Provence-Alpes-Côte d'Azur,I,1993,Grimaud,Club-house du Golf de Beauvallon
Provence-Alpes-Côte d'Azur,I,1993,Grimaud,Villa Seynave
Provence-Alpes-Côte d'Azur,I,1993,Grimaud,Villa Vent d'Aval
Provence-Alpes-Côte d'Azur,I,1975,Hyères,Villa Marie-Laure-de-Noailles ou château Saint-Bernard
Provence-Alpes-Côte d'Azur,C,1987,Pradet (Le),Villa l'Artaude
Provence-Alpes-Côte d'Azur,I,1989,Rayol-Canadel-sur-Mer,Pergola ronde du Pateck et escalier fleuri
Provence-Alpes-Côte d'Azur,I,1992,Saint-Tropez,Ancien groupe touristique Latitude 43
Provence-Alpes-Côte d'Azur,I,2004,Sainte-Maxime,Villa Bellevue
Provence-Alpes-Côte d'Azur,I,1983,Trans-en-Provence,Puits aérien
Provence-Alpes-Côte d'Azur,I,1993,Avignon,Eglise Saint-Joseph-Travailleur
Provence-Alpes-Côte d'Azur,I,1989,Avignon,Lycée agricole de Cantarel dit lycée agricole François Pétrarque
Provence-Alpes-Côte d'Azur,I,1984,Avignon,Rotonde SNCF
Provence-Alpes-Côte d'Azur,I,1992,Bollène,Usine-barrage André-Blondel
Provence-Alpes-Côte d'Azur,I,1988,Crestet,Atelier de Claude et François Stahly
Pays de la Loire,I,1984,Fontenay-le-Comte,Tour Rivalland
Pays de la Loire,I,2011,Ile-d'Yeu (L'),Le Grand Phare
Pays de la Loire,I&C,1991,Luçon,Château d'eau et ancienne usine d'électricité attenante
Pays de la Loire,I,2013,Mouchamps,Monument au Commandant Guilbaud
Pays de la Loire,C,2012,Sables-d'Olonne (Les),"Phare de l'Armandèche, situé à la Chaume"
Poitou-Charentes (Nouvelle-Aquitaine),I,2011,Bonneuil-Matours,Pont suspendu
Poitou-Charentes (Nouvelle-Aquitaine),C,2002,Châtellerault,Pont Camille-de-Hogues
Poitou-Charentes (Nouvelle-Aquitaine),I,2012,Ligugé,Ancienne filature
Poitou-Charentes (Nouvelle-Aquitaine),I,2002,Poitiers,Eglise Saint-Cyprien
Lorraine (Grand-Est),I&C,1913,Charmes,Eglise
Lorraine (Grand-Est),I,2013,Contrexéville,Gare de Contrexéville
Lorraine (Grand-Est),I,2013,Dogneville,Eglise Saint-Etienne
Lorraine (Grand-Est),C,2011,Epinal,Eglise Notre-Dame au Cierge
Lorraine (Grand-Est),C,2014,Raon-l'Etape,"Museumotel de l'île Haüsermann, anciennement appelé Motel l'Eau vive"
Lorraine (Grand-Est),C,1988,Saint-Dié,Manufacture Claude-et-Duval
Lorraine (Grand-Est),I,2013,Saint-Dié,Siège social de l'Usine Gantois
Lorraine (Grand-Est),I,1986,Thaon-les-Vosges,La Rotonde
Bourgogne (Bourgogne-Franche-Comté),I,2012,Auxerre,Théâtre municipal (ancienne Maison du Peuple)
Bourgogne (Bourgogne-Franche-Comté),I,2013,Saint-Julien-du-Sault,Maisons expérimentales construites par Jean Daladier
Bourgogne (Bourgogne-Franche-Comté),I,2011,Sens,Centre commercial dessiné par Claude Parent
Bourgogne (Bourgogne-Franche-Comté),I,2013,Sens,Immeuble de rapport Art Nouveau
Bourgogne (Bourgogne-Franche-Comté),C,2013,Sermizelles,Chapelle Notre-Dame d'Orient
Ile-de-France,I,1977,Aubergenville,Eglise Sainte-Thérèse-d'Elisabethville
Ile-de-France,I,1984,Mézy-sur-Seine,Château de Mézy dit le Gibet dit aussi Villa Poiret
Ile-de-France,I,1994,Montfort-l'Amaury,"Maison de Maurice Ravel, actuellement musée"
Ile-de-France,I,1996,Poissy,Hôtel de ville
Ile-de-France,C,1965,Poissy,Villa Savoye
Ile-de-France,I,1999,Rambouillet,Hôtel des Postes
Ile-de-France,I,1997,Saint-Rémy-lès-Chevreuse,Maison Wogenscky
Ile-de-France,I,1992,Trappes,Cité ouvrière Les Dents de Scie
Ile-de-France,I,1998,Versailles,Gare des Chantiers
Ile-de-France,I,1994,Versailles,Maison Cassandre
Ile-de-France,I,1986,Versailles,Villa Bomsel
Ile-de-France,I,1978,Vésinet (Le),Eglise Sainte-Marguerite
Ile-de-France,I,2010,Villepreux,Hangar agricole de Grand'Maisons
