"Région","Département","Commune","Référence"
"Grand-Est","Bas-rhin","Hunspach","PA00085308"
"Grand-Est","Bas-rhin","Hunspach ; Ingolsheim","PA00085309"
"Grand-Est","Haut-rhin","Lapoutroie","PA00085502"
"Grand-Est","Haut-rhin","Mulhouse","PA00085759"
"Grand-Est","Haut-rhin","Mulhouse","PA68000047"
"Grand-Est","Haut-rhin","Neuf-Brisach","PA00085565"
"Grand-Est","Bas-rhin","Rhinau","PA67000084"
"Grand-Est","Bas-rhin","Seltz","PA67000069"
"Grand-Est","Bas-rhin","Strasbourg","PA00085313"
"Grand-Est","Bas-rhin","Strasbourg","PA67000045"
"Grand-Est","Bas-rhin","Strasbourg","PA67000046"
"Grand-Est","Bas-rhin","Strasbourg","PA67000064"
"Grand-Est","Bas-rhin","Strasbourg","PA67000073"
"Grand-Est","Bas-rhin","Strasbourg","PA00085196"
"Nouvelle-Aquitaine","Lot-et-garonne","Agen","PA00084055"
"Nouvelle-Aquitaine","Lot-et-garonne","Agen","PA47000042"
"Nouvelle-Aquitaine","Landes","Amou","PA40000062"
"Nouvelle-Aquitaine","Pyrenees-atlantiques","Arcangues","PA64000001"
"Nouvelle-Aquitaine","Pyrenees-atlantiques","Ascain","PA64000037"
"Nouvelle-Aquitaine","Landes","Bascons","PA40000063"
"Nouvelle-Aquitaine","Gironde","Bègles","PA00083900"
"Nouvelle-Aquitaine","Dordogne","Bergerac","PA24000065"
"Nouvelle-Aquitaine","Pyrenees-atlantiques","Biarritz","PA00084559"
"Nouvelle-Aquitaine","Pyrenees-atlantiques","Biarritz","PA00125254"
"Nouvelle-Aquitaine","Pyrenees-atlantiques","Biarritz","PA00084543"
"Nouvelle-Aquitaine","Gironde","Bordeaux","PA00083158"
"Nouvelle-Aquitaine","Gironde","Bordeaux","PA33000174"
"Nouvelle-Aquitaine","Gironde","Bordeaux","PA33000175"
"Nouvelle-Aquitaine","Pyrenees-atlantiques","Ciboure","PA00125258"
"Nouvelle-Aquitaine","Pyrenees-atlantiques","Ciboure","PA00084577"
"Nouvelle-Aquitaine","Pyrenees-atlantiques","Ciboure","PA00084560"
"Nouvelle-Aquitaine","Landes","Dax","PA00083937"
"Nouvelle-Aquitaine","Landes","Dax","PA00084027"
"Nouvelle-Aquitaine","Gironde","Floirac","PA33000068"
"Nouvelle-Aquitaine","Gironde","Langoiran","PA33000065"
"Nouvelle-Aquitaine","Gironde","Lège-Cap-Ferret","PA00083876"
"Nouvelle-Aquitaine","Gironde","Lège-Cap-Ferret","PA00083877"
"Nouvelle-Aquitaine","Gironde","Lège-Cap-Ferret","PA00083878"
"Nouvelle-Aquitaine","Gironde","Lège-Cap-Ferret","PA00083879"
"Nouvelle-Aquitaine","Gironde","Lège-Cap-Ferret","PA00083881"
"Nouvelle-Aquitaine","Gironde","Lège-Cap-Ferret","PA00083882"
"Nouvelle-Aquitaine","Gironde","Lège-Cap-Ferret","PA00083880"
"Nouvelle-Aquitaine","Gironde","Lormont","PA33000036"
"Nouvelle-Aquitaine","Landes","Mont-de-Marsan","PA40000065"
"Nouvelle-Aquitaine","Lot-et-garonne","Passage (Le)","PA47000050"
"Nouvelle-Aquitaine","Pyrenees-atlantiques","Pau","PA64000038"
"Nouvelle-Aquitaine","Gironde","Pessac","PA00083657"
"Nouvelle-Aquitaine","Gironde","Pessac","PA33000118"
"Nouvelle-Aquitaine","Gironde","Pessac","PA33000121"
"Nouvelle-Aquitaine","Gironde","Pessac","PA33000140"
"Nouvelle-Aquitaine","Gironde","Pessac","PA33000120"
"Nouvelle-Aquitaine","Gironde","Pessac","PA33000117"
"Nouvelle-Aquitaine","Gironde","Pessac","PA33000119"
"Nouvelle-Aquitaine","Gironde","Pessac","PA33000122"
"Nouvelle-Aquitaine","Gironde","Pessac","PA33000144"
"Nouvelle-Aquitaine","Gironde","Pessac","PA33000154"
"Nouvelle-Aquitaine","Gironde","Pessac","PA33000153"
"Nouvelle-Aquitaine","Gironde","Pessac","PA33000151"
"Nouvelle-Aquitaine","Gironde","Pessac","PA33000191"
"Nouvelle-Aquitaine","Gironde","Pessac","PA33000189"
"Nouvelle-Aquitaine","Gironde","Pessac","PA33000141"
"Nouvelle-Aquitaine","Gironde","Pessac","PA33000142"
"Nouvelle-Aquitaine","Gironde","Pessac","PA33000143"
"Nouvelle-Aquitaine","Gironde","Pessac","PA33000116"
"Nouvelle-Aquitaine","Gironde","Pessac","PA33000048"
"Nouvelle-Aquitaine","Gironde","Pessac","PA33000115"
"Nouvelle-Aquitaine","Gironde","Pessac","PA33000145"
"Nouvelle-Aquitaine","Gironde","Podensac","PA33000088"
"Nouvelle-Aquitaine","Dordogne","Ribérac","PA24000026"
"Nouvelle-Aquitaine","Pyrenees-atlantiques","Saint-Jean-de-Luz","PA00125263"
"Nouvelle-Aquitaine","Landes","Saint-Martin-de-Seignanx","PA40000066"
"Nouvelle-Aquitaine","Gironde","Saint-Symphorien","PA33000097"
"Nouvelle-Aquitaine","Pyrenees-atlantiques","Salies-de-Béarn","PA00135197"
"Nouvelle-Aquitaine","Landes","Soorts-Hossegor","PA00084028"
"Nouvelle-Aquitaine","Gironde","Teste-de-Buch (La)","PA33000146"
"Nouvelle-Aquitaine","Gironde","Teste-de-Buch (La)","PA33000051"
"Auvergne-Rhône-Alpes","Cantal","Aurillac","PA15000030"
"Auvergne-Rhône-Alpes","Puy-de-dome","Chamalières","PA63000032"
"Auvergne-Rhône-Alpes","Puy-de-dome","Clermont-Ferrand","PA63000030"
"Auvergne-Rhône-Alpes","Puy-de-dome","Clermont-Ferrand","PA63000081"
"Auvergne-Rhône-Alpes","Puy-de-dome","Clermont-Ferrand","PA63000067"
"Auvergne-Rhône-Alpes","Puy-de-dome","Clermont-Ferrand","PA63000095"
"Auvergne-Rhône-Alpes","Puy-de-dome","Clermont-Ferrand","PA63000040"
"Auvergne-Rhône-Alpes","Haute-loire","Puy-en-Velay (Le)","PA43000025"
"Auvergne-Rhône-Alpes","Allier","Vichy","PA00093413"
"Auvergne-Rhône-Alpes","Allier","Vichy","PA00093403"
"Auvergne-Rhône-Alpes","Allier","Vichy","PA00093408"
"Auvergne-Rhône-Alpes","Allier","Vichy","PA03000008"
"Normandie","Calvados","Arromanches-les-Bains","PA14000009"
"Normandie","Calvados","Asnelles","PA00111837"
"Normandie","Calvados","Caen","PA14000032"
"Normandie","Calvados","Caen","PA14000085"
"Normandie","Calvados","Caen","PA14000051"
"Normandie","Calvados","Caen","PA14000061"
"Normandie","Calvados","Caen","PA14000055"
"Normandie","Calvados","Caen","PA14000087"
"Normandie","Calvados","Caen","PA14000102"
"Normandie","Calvados","Cahagnes","PA14000088"
"Normandie","Manche","Cherbourg","PA50000019"
"Normandie","Manche","Cherbourg","PA00110648"
"Normandie","Manche","Cherbourg","PA00135507"
"Normandie","Manche","Coutances","PA50000071"
"Normandie","Calvados","Deauville","PA14000090"
"Normandie","Calvados","Dives-sur-Mer","PA00111835"
"Normandie","Orne","Domfront","PA00125312"
"Normandie","Manche","Ecausseville","PA50000012"
"Normandie","Manche","Equeurdreville-Hainneville","PA00135509"
"Normandie","Calvados","Falaise","PA14000091"
"Normandie","Calvados","Falaise","PA14000092"
"Normandie","Manche","Fermanville","PA50000064"
"Normandie","Orne","Flers","PA61000042"
"Normandie","Calvados","Fontaine-le-Pin","PA14000050"
"Normandie","Calvados","Glanville","PA00111839"
"Normandie","Manche","Graignes","PA50000032"
"Normandie","Manche","Granville","PA00132897"
"Normandie","Manche","Granville","PA00110661"
"Normandie","Manche","Jullouville","PA50000082"
"Normandie","Calvados","Lisieux","PA14000094"
"Normandie","Calvados","Lisieux","PA14000060"
"Normandie","Calvados","Longues-sur-Mer","PA00132892"
"Normandie","Calvados","May-sur-Orne","PA14000095"
"Normandie","Calvados","Merville-Franceville-Plage","PA14000026"
"Normandie","Calvados","Mézidon-Canon","PA14000096"
"Normandie","Calvados","Ouistreham","PA00132894"
"Normandie","Manche","Picauville","PA50000043"
"Normandie","Manche","Saint-Jean-des-Baisants","PA50000038"
"Normandie","Manche","Saint-Lô","PA50000056"
"Normandie","Calvados","Trouville-sur-Mer","PA00111841"
"Normandie","Manche","Valognes","PA00110627"
"Normandie","Calvados","Vire","PA14000099"
"Bourgogne-Franche-Comté","Yonne","Auxerre","PA89000050"
"Bourgogne-Franche-Comté","Cote-d'or","Beaune","PA21000025"
"Bourgogne-Franche-Comté","Saone-et-loire","Chalon-sur-Saône","PA00132968"
"Bourgogne-Franche-Comté","Saone-et-loire","Chalon-sur-Saône","PA71000064"
"Bourgogne-Franche-Comté","Saone-et-loire","Chalon-sur-Saône","PA71000058"
"Bourgogne-Franche-Comté","Nievre","Clamecy","PA58000042"
"Bourgogne-Franche-Comté","Nievre","Clamecy","PA58000015"
"Bourgogne-Franche-Comté","Cote-d'or","Corpeau","PA21000070"
"Bourgogne-Franche-Comté","Nievre","Cosne-Cours-sur-Loire","PA58000013"
"Bourgogne-Franche-Comté","Cote-d'or","Dijon","PA21000062"
"Bourgogne-Franche-Comté","Cote-d'or","Dijon","PA00112260"
"Bourgogne-Franche-Comté","Cote-d'or","Dijon","PA21000042"
"Bourgogne-Franche-Comté","Cote-d'or","Dijon","PA21000072"
"Bourgogne-Franche-Comté","Cote-d'or","Dijon","PA21000073"
"Bourgogne-Franche-Comté","Cote-d'or","Dijon","PA00112338"
"Bourgogne-Franche-Comté","Cote-d'or","Dijon","PA21000049"
"Bourgogne-Franche-Comté","Saone-et-loire","Louhans","PA71000011"
"Bourgogne-Franche-Comté","Saone-et-loire","Mazille","PA71000065"
"Bourgogne-Franche-Comté","Saone-et-loire","Montceau-les-Mines","PA71000013"
"Bourgogne-Franche-Comté","Nievre","Nevers","PA58000016"
"Bourgogne-Franche-Comté","Yonne","Saint-Julien-du-Sault","PA89000055"
"Bourgogne-Franche-Comté","Saone-et-loire","Saint-Vallier","PA71000016"
"Bourgogne-Franche-Comté","Yonne","Sens","PA89000047"
"Bourgogne-Franche-Comté","Yonne","Sens","PA89000056"
"Bourgogne-Franche-Comté","Yonne","Sermizelles","PA89000049"
"Bretagne","Morbihan","Bangor","PA56000026"
"Bretagne","Finistere","Bénodet","PA29000010"
"Bretagne","Finistere","Brest","PA29000011"
"Bretagne","Finistere","Brest","PA00135262"
"Bretagne","Cotes-d'armor","Dinan","PA00135252"
"Bretagne","Cotes-d'armor","Etables-sur-Mer","PA00089146"
"Bretagne","Cotes-d'armor","Fréhel","PA00135253"
"Bretagne","Cotes-d'armor","Lannion","PA00135254"
"Bretagne","Finistere","Locquénolé","PA00135266"
"Bretagne","Cotes-d'armor","Pléneuf-Val-André","PA00135255"
"Bretagne","Finistere","Ploumoguer","PA29000008"
"Bretagne","Finistere","Quimper","PA29000053"
"Bretagne","Cotes-d'armor","Saint-Brieuc","PA00135257"
"Bretagne","Ille-et-vilaine","Saint-Malo","PA35000043"
"Bretagne","Cotes-d'armor","Saint-Quay-Portrieux","PA00135258"
"Centre-Val de Loire","Loir-et-cher","Blois","PA00132568"
"Centre-Val de Loire","Loir-et-cher","Blois","PA41000001"
"Centre-Val de Loire","Cher","Bourges","PA18000033"
"Centre-Val de Loire","Cher","Bourges","PA18000032"
"Centre-Val de Loire","Cher","Bourges","PA00132557"
"Centre-Val de Loire","Cher","Bourges","PA18000031"
"Centre-Val de Loire","Cher","Bourges","PA18000017"
"Centre-Val de Loire","Cher","Bourges","PA18000018"
"Centre-Val de Loire","Cher","Bourges","PA18000029"
"Centre-Val de Loire","Eure-et-loir","Chartres","PA28000010"
"Centre-Val de Loire","Eure-et-loir","Chartres","PA00132560"
"Centre-Val de Loire","Indre","Châteauroux","PA36000009"
"Centre-Val de Loire","Indre","Châteauroux","PA36000008"
"Centre-Val de Loire","Eure-et-loir","Coudray (Le)","PA00135288"
"Centre-Val de Loire","Indre","Déols","PA00097493"
"Centre-Val de Loire","Eure-et-loir","Lèves","PA28000012"
"Centre-Val de Loire","Cher","Neuvy-sur-Barangeon","PA18000043"
"Centre-Val de Loire","Loiret","Orléans","PA45000028"
"Centre-Val de Loire","Loir-et-cher","Romorantin-Lanthenay","PA41000026"
"Centre-Val de Loire","Loir-et-cher","Salbris","PA00098589"
"Centre-Val de Loire","Eure-et-loir","Senonches","PA28000015"
"Centre-Val de Loire","Indre-et-loire","Tours","PA00098143"
"Centre-Val de Loire","Indre-et-loire","Tours","PA37000002"
"Centre-Val de Loire","Indre-et-loire","Tours","PA37000009"
"Grand-Est","Ardennes","Charleville-Mézières","PA08000014"
"Grand-Est","Ardennes","Charleville-Mézières","PA08000001"
"Grand-Est","Marne","Epernay","PA00078918"
"Grand-Est","Ardennes","Ferté-sur-Chiers (La)","PA00078437"
"Grand-Est","Aube","Fontaine-les-Grès","PA10000027"
"Grand-Est","Marne","Mondement-Montgivroux","PA00078924"
"Grand-Est","Marne","Reims","PA00078775"
"Grand-Est","Marne","Reims","PA00078778"
"Grand-Est","Marne","Reims","PA00078784"
"Grand-Est","Marne","Reims","PA00078789"
"Grand-Est","Marne","Reims","PA00078794"
"Grand-Est","Marne","Reims","PA51000007"
"Grand-Est","Marne","Reims","PA00078929"
"Grand-Est","Marne","Saint-Hilaire-le-Grand","PA00078921"
"Grand-Est","Aube","Sainte-Savine","PA10000024"
"Grand-Est","Ardennes","Semide","PA00078525"
"Grand-Est","Marne","Verzy","PA00078890"
"Grand-Est","Ardennes","Villy","PA00078542"
"Corse","Corse-du-sud","Ajaccio","PA00099142"
"Corse","Haute-corse","Bastia","PA2B000013"
"Corse","Corse-du-sud","Piana","PA00099139"
"Bourgogne-Franche-Comté","Doubs","Audincourt","PA25000065"
"Bourgogne-Franche-Comté","Doubs","Audincourt","PA00101443"
"Bourgogne-Franche-Comté","Territoire De Belfort","Belfort","PA90000004"
"Bourgogne-Franche-Comté","Doubs","Besançon","PA00101613"
"Bourgogne-Franche-Comté","Haute-saone","Demangevelle","PA70000063"
"Bourgogne-Franche-Comté","Jura","Dole","PA39000073"
"Bourgogne-Franche-Comté","Haute-saone","Gray","PA00132862"
"Bourgogne-Franche-Comté","Territoire De Belfort","Meroux","PA00135352"
"Bourgogne-Franche-Comté","Jura","Port-Lesney","PA39000027"
"Bourgogne-Franche-Comté","Haute-saone","Ronchamp","PA00102263"
"Bourgogne-Franche-Comté","Haute-saone","Ronchamp","PA70000053"
"Guadeloupe","Guadeloupe","Abymes (Les)","PA97100025"
"Guadeloupe","Guadeloupe","Abymes (Les)","PA97100045"
"Guadeloupe","Guadeloupe","Basse-Terre","PA97100020"
"Guadeloupe","Guadeloupe","Basse-Terre","PA00105887"
"Guadeloupe","Guadeloupe","Basse-Terre","PA00105888"
"Guadeloupe","Guadeloupe","Basse-Terre","PA00105889"
"Guadeloupe","Guadeloupe","Désirade (La)","PA97100028"
"Guadeloupe","Guadeloupe","Lamentin","PA97100059"
"Guadeloupe","Guadeloupe","Lamentin","PA97100057"
"Guadeloupe","Guadeloupe","Lamentin","PA97100039"
"Guadeloupe","Guadeloupe","Lamentin","PA97100055"
"Guadeloupe","Guadeloupe","Lamentin","PA97100053"
"Guadeloupe","Guadeloupe","Lamentin","PA97100054"
"Guadeloupe","Guadeloupe","Lamentin","PA97100060"
"Guadeloupe","Guadeloupe","Morne-à-l'Eau","PA00105891"
"Guadeloupe","Guadeloupe","Pointe-à-Pitre","PA97100047"
"Guadeloupe","Guadeloupe","Pointe-à-Pitre","PA97100038"
"Guadeloupe","Guadeloupe","Pointe-à-Pitre","PA97100021"
"Guadeloupe","Guadeloupe","Pointe-Noire","PA00105892"
"Guyane","Guyane","Cayenne","PA00105930"
"Guyane","Guyane","Cayenne","PA00105932"
"Normandie","Seine-maritime","Arques-la-Bataille","PA76000045"
"Normandie","Seine-maritime","Dieppe","PA76000057"
"Normandie","Seine-maritime","Dieppe","PA76000093"
"Normandie","Seine-maritime","Fontaine-la-Mallet","PA76000011"
"Normandie","Seine-maritime","Fontaine-la-Mallet","PA76000012"
"Normandie","Seine-maritime","Fontaine-la-Mallet","PA76000054"
"Normandie","Seine-maritime","Foucarmont","PA76000067"
"Normandie","Seine-maritime","Gonfreville-l'Orcher","PA76000014"
"Normandie","Seine-maritime","Grand-Quevilly (Le)","PA76000015"
"Normandie","Seine-maritime","Havre (Le)","PA00100697"
"Normandie","Seine-maritime","Havre (Le)","PA76000075"
"Normandie","Seine-maritime","Mont-Cauvaire","PA00100757"
"Normandie","Seine-maritime","Octeville-sur-Mer","PA00132699"
"Normandie","Seine-maritime","Octeville-sur-Mer","PA76000017"
"Normandie","Seine-maritime","Octeville-sur-Mer","PA76000018"
"Normandie","Seine-maritime","Rouen","PA76000038"
"Normandie","Seine-maritime","Rouen","PA00100822"
"Normandie","Seine-maritime","Rouen","PA76000060"
"Normandie","Seine-maritime","Rouen","PA00100832"
"Normandie","Seine-maritime","Rouen","PA76000043"
"Normandie","Eure","Saint-Pierre-du-Vauvray","PA00099572"
"Normandie","Seine-maritime","Sainte-Adresse","PA76000090"
"Normandie","Seine-maritime","Sotteville-lès-Rouen","PA76000068"
"Normandie","Seine-maritime","Yvetot","PA76000053"
"Ile-de-France","Val-d'oise","Aincourt","PA95000005"
"Ile-de-France","Val-de-marne","Arcueil","PA00125470"
"Ile-de-France","Yvelines","Aubergenville","PA00087361"
"Ile-de-France","Val-d'oise","Beaumont-sur-Oise","PA00135717"
"Ile-de-France","Seine-saint-denis","Blanc-Mesnil (Le)","PA93000001"
"Ile-de-France","Seine-saint-denis","Bobigny","PA93000018"
"Ile-de-France","Seine-saint-denis","Bobigny","PA93000023"
"Ile-de-France","Seine-saint-denis","Bobigny","PA93000020"
"Ile-de-France","Seine-saint-denis","Bobigny","PA93000021"
"Ile-de-France","Hauts-de-seine","Bois-Colombes","PA92000004"
"Ile-de-France","Hauts-de-seine","Boulogne-Billancourt","PA00088069"
"Ile-de-France","Hauts-de-seine","Boulogne-Billancourt","PA00088070"
"Ile-de-France","Hauts-de-seine","Boulogne-Billancourt","PA00088077"
"Ile-de-France","Hauts-de-seine","Boulogne-Billancourt","PA00088075"
"Ile-de-France","Hauts-de-seine","Boulogne-Billancourt","PA00088083"
"Ile-de-France","Hauts-de-seine","Boulogne-Billancourt","PA00088079"
"Ile-de-France","Hauts-de-seine","Boulogne-Billancourt","PA00088078"
"Ile-de-France","Hauts-de-seine","Boulogne-Billancourt","PA00088080"
"Ile-de-France","Hauts-de-seine","Boulogne-Billancourt","PA00088082"
"Ile-de-France","Hauts-de-seine","Bourg-la-Reine","PA00088085"
"Ile-de-France","Essonne","Bures-sur-Yvette","PA91000007"
"Ile-de-France","Val-de-marne","Cachan","PA94000015"
"Ile-de-France","Hauts-de-seine","Châtillon","PA92000012"
"Ile-de-France","Hauts-de-seine","Clamart","PA00125464"
"Ile-de-France","Hauts-de-seine","Clamart","PA00088093"
"Ile-de-France","Essonne","Corbeil-Essonnes","PA00087867"
"Ile-de-France","Seine-et-marne","Courpalay","PA77000013"
"Ile-de-France","Seine-saint-denis","Drancy","PA93000015"
"Ile-de-France","Seine-saint-denis","Dugny","PA00133016"
"Ile-de-France","Seine-saint-denis","Epinay-sur-Seine","PA00079970"
"Ile-de-France","Seine-et-marne","Esbly","PA00086950"
"Ile-de-France","Hauts-de-seine","Garches","PA00088110"
"Ile-de-France","Val-de-marne","Gentilly","PA94000013"
"Ile-de-France","Seine-saint-denis","Île-Saint-Denis (L')","PA93000024"
"Ile-de-France","Seine-et-marne","Isles-lès-Villenoy","PA00087032"
"Ile-de-France","Hauts-de-seine","Issy-les-Moulineaux","PA92000018"
"Ile-de-France","Hauts-de-seine","Issy-les-Moulineaux","PA00088178"
"Ile-de-France","Val-de-marne","Ivry-sur-Seine","PA94000017"
"Ile-de-France","Val-de-marne","Maisons-Alfort","PA00125473"
"Ile-de-France","Val-de-marne","Maisons-Alfort","PA94000021"
"Ile-de-France","Val-de-marne","Maisons-Alfort","PA00079888"
"Ile-de-France","Val-de-marne","Maisons-Alfort","PA00133018"
"Ile-de-France","Val-de-marne","Maisons-Alfort","PA94000016"
"Ile-de-France","Hauts-de-seine","Malakoff","PA92000013"
"Ile-de-France","Seine-et-marne","Meaux","PA77000011"
"Ile-de-France","Hauts-de-seine","Meudon","PA00088120"
"Ile-de-France","Hauts-de-seine","Meudon","PA00088123"
"Ile-de-France","Hauts-de-seine","Meudon","PA92000006"
"Ile-de-France","Hauts-de-seine","Meudon","PA00088125"
"Ile-de-France","Yvelines","Mézy-sur-Seine","PA00087541"
"Ile-de-France","Yvelines","Montfort-l'Amaury","PA00132998"
"Ile-de-France","Val-d'oise","Montmagny","PA00125477"
"Ile-de-France","Hauts-de-seine","Montrouge","PA92000015"
"Ile-de-France","Seine-et-marne","Nemours","PA77000019"
"Ile-de-France","Seine-saint-denis","Neuilly-Plaisance","PA93000016"
"Ile-de-France","Hauts-de-seine","Neuilly-sur-Seine","PA00088128"
"Ile-de-France","Hauts-de-seine","Neuilly-sur-Seine","PA00088131"
"Ile-de-France","Seine-et-marne","Noisiel","PA00087175"
"Ile-de-France","Seine-saint-denis","Noisy-le-Sec","PA93000014"
"Ile-de-France","Seine-saint-denis","Pantin","PA93000005"
"Ile-de-France","Seine-saint-denis","Pantin","PA93000006"
"Ile-de-France","Seine-saint-denis","Pantin","PA93000007"
"Ile-de-France","Paris","Paris 10e Arrondissement","PA00086483"
"Ile-de-France","Paris","Paris 10e Arrondissement","PA00086484"
"Ile-de-France","Paris","Paris 10e Arrondissement","PA00132988"
"Ile-de-France","Paris","Paris 11e Arrondissement","PA75110004"
"Ile-de-France","Paris","Paris 12e Arrondissement","PA00086583"
"Ile-de-France","Paris","Paris 12e Arrondissement","PA00086569"
"Ile-de-France","Paris","Paris 13e Arrondissement","PA00086591"
"Ile-de-France","Paris","Paris 13e Arrondissement","PA75130002"
"Ile-de-France","Paris","Paris 13e Arrondissement","PA75130005"
"Ile-de-France","Paris","Paris 13e Arrondissement","PA00086597"
"Ile-de-France","Paris","Paris 13e Arrondissement","PA00086602"
"Ile-de-France","Paris","Paris 13e Arrondissement","PA00086605"
"Ile-de-France","Paris","Paris 13e Arrondissement","PA00132990"
"Ile-de-France","Paris","Paris 14e Arrondissement","PA75140002"
"Ile-de-France","Paris","Paris 14e Arrondissement","PA00086613"
"Ile-de-France","Paris","Paris 14e Arrondissement","PA75140005"
"Ile-de-France","Paris","Paris 14e Arrondissement","PA75140004"
"Ile-de-France","Paris","Paris 14e Arrondissement","PA00086624"
"Ile-de-France","Paris","Paris 14e Arrondissement","PA00086621"
"Ile-de-France","Paris","Paris 14e Arrondissement","PA00086622"
"Ile-de-France","Paris","Paris 14e Arrondissement","PA75140015"
"Ile-de-France","Paris","Paris 14e Arrondissement","PA75140007"
"Ile-de-France","Paris","Paris 14e Arrondissement","PA75140008"
"Ile-de-France","Paris","Paris 14e Arrondissement","PA00086625"
"Ile-de-France","Paris","Paris 14e Arrondissement","PA00086627"
"Ile-de-France","Paris","Paris 14e Arrondissement","PA00086628"
"Ile-de-France","Paris","Paris 14e Arrondissement","PA00086629"
"Ile-de-France","Paris","Paris 14e Arrondissement","PA00086639"
"Ile-de-France","Paris","Paris 15e Arrondissement","PA00086652"
"Ile-de-France","Paris","Paris 15e Arrondissement","PA00125448"
"Ile-de-France","Paris","Paris 15e Arrondissement","PA00086653"
"Ile-de-France","Paris","Paris 15e Arrondissement","PA00086654"
"Ile-de-France","Paris","Paris 15e Arrondissement","PA00086656"
"Ile-de-France","Paris","Paris 15e Arrondissement","PA00135367"
"Ile-de-France","Paris","Paris 16e Arrondissement","PA00086692"
"Ile-de-France","Paris","Paris 16e arrondissement","PA00086666"
"Ile-de-France","Paris","Paris 16e arrondissement","PA00086671"
"Ile-de-France","Paris","Paris 16e arrondissement","PA00086684"
"Ile-de-France","Paris","Paris 16e Arrondissement","PA00086685"
"Ile-de-France","Paris","Paris 16e Arrondissement","PA00086688"
"Ile-de-France","Paris","Paris 16e Arrondissement","PA00135369"
"Ile-de-France","Paris","Paris 16e Arrondissement","PA75160001"
"Ile-de-France","Paris","Paris 16e arrondissement","PA00086682"
"Ile-de-France","Paris","Paris 16e Arrondissement","PA75160004"
"Ile-de-France","Paris","Paris 16e arrondissement","PA00086679"
"Ile-de-France","Paris","Paris 16e Arrondissement","PA00086707"
"Ile-de-France","Paris","Paris 16e Arrondissement","PA00086706"
"Ile-de-France","Paris","Paris 16e Arrondissement","PA00086713"
"Ile-de-France","Paris","Paris 16e Arrondissement","PA00086693"
"Ile-de-France","Paris","Paris 16e Arrondissement","PA00086694"
"Ile-de-France","Paris","Paris 17e Arrondissement","PA00086721"
"Ile-de-France","Paris","Paris 17e Arrondissement","PA75170005"
"Ile-de-France","Paris","Paris 18e Arrondissement","PA00086740"
"Ile-de-France","Paris","Paris 18e Arrondissement","PA00086745"
"Ile-de-France","Paris","Paris 18e Arrondissement","PA00086742"
"Ile-de-France","Paris","Paris 18e Arrondissement","PA00086744"
"Ile-de-France","Paris","Paris 18e Arrondissement","PA00086746"
"Ile-de-France","Paris","Paris 19e Arrondissement","PA75190004"
"Ile-de-France","Paris","Paris 19e Arrondissement","PA75190003"
"Ile-de-France","Paris","Paris 19e Arrondissement","PA75190002"
"Ile-de-France","Paris","Paris 20e Arrondissement","PA00086780"
"Ile-de-France","Paris","Paris 20e Arrondissement","PA75200002"
"Ile-de-France","Paris","Paris 2e Arrondissement","PA00086015"
"Ile-de-France","Paris","Paris 2e Arrondissement","PA00086060"
"Ile-de-France","Paris","Paris 3e Arrondissement","PA75030001"
"Ile-de-France","Paris","Paris 4e Arrondissement","PA00125453"
"Ile-de-France","Paris","Paris 4e Arrondissement","PA00086470"
"Ile-de-France","Paris","Paris 4e Arrondissement","PA00086477"
"Ile-de-France","Paris","Paris 5e Arrondissement","PA00088405"
"Ile-de-France","Paris","Paris 5e Arrondissement","PA00132985"
"Ile-de-France","Paris","Paris 5e Arrondissement","PA75050005"
"Ile-de-France","Paris","Paris 5e Arrondissement","PA00088482"
"Ile-de-France","Paris","Paris 5e Arrondissement","PA75050009"
"Ile-de-France","Paris","Paris 5e Arrondissement","PA00088481"
"Ile-de-France","Paris","Paris 5e Arrondissement","PA75050001"
"Ile-de-France","Paris","Paris 6e Arrondissement","PA75060004"
"Ile-de-France","Paris","Paris 6e Arrondissement","PA00088620"
"Ile-de-France","Paris","Paris 6e Arrondissement","PA00088587"
"Ile-de-France","Paris","Paris 6e Arrondissement","PA00088645"
"Ile-de-France","Paris","Paris 6e Arrondissement","PA75060001"
"Ile-de-France","Paris","Paris 6e Arrondissement","PA00088580"
"Ile-de-France","Paris","Paris 6e Arrondissement","PA00132986"
"Ile-de-France","Paris","Paris 7e Arrondissement","PA75070005"
"Ile-de-France","Paris","Paris 8e Arrondissement","PA00088808"
"Ile-de-France","Paris","Paris 8e Arrondissement","PA00088877"
"Ile-de-France","Paris","Paris 8e Arrondissement","PA00088889"
"Ile-de-France","Paris","Paris 8e Arrondissement","PA00088890"
"Ile-de-France","Paris","Paris 8e Arrondissement","PA00088852"
"Ile-de-France","Paris","Paris 8e Arrondissement","PA75080006"
"Ile-de-France","Paris","Paris 8e Arrondissement","PA00088891"
"Ile-de-France","Paris","Paris 8e Arrondissement","PA00088878"
"Ile-de-France","Paris","Paris 8e Arrondissement","PA75080003"
"Ile-de-France","Paris","Paris 8e Arrondissement","PA00088887"
"Ile-de-France","Paris","Paris 8e Arrondissement","PA00132981"
"Ile-de-France","Paris","Paris 8e Arrondissement","PA00088883"
"Ile-de-France","Paris","Paris 9e Arrondissement","PA00089008"
"Ile-de-France","Paris","Paris 9e Arrondissement","PA75090001"
"Ile-de-France","Paris","Paris 9e Arrondissement","PA00089006"
"Ile-de-France","Yvelines","Poissy","PA78000002"
"Ile-de-France","Yvelines","Poissy","PA00087573"
"Ile-de-France","Seine-saint-denis","Pré-Saint-Gervais (Le)","PA93000008"
"Ile-de-France","Seine-saint-denis","Raincy (Le)","PA00079949"
"Ile-de-France","Seine-saint-denis","Raincy (Le)","PA00079948"
"Ile-de-France","Yvelines","Rambouillet","PA78000010"
"Ile-de-France","Seine-saint-denis","Romainville","PA93000009"
"Ile-de-France","Val-de-marne","Rungis","PA94000010"
"Ile-de-France","Seine-saint-denis","Saint-Denis","PA93000011"
"Ile-de-France","Seine-saint-denis","Saint-Denis","PA93000010"
"Ile-de-France","Seine-saint-denis","Saint-Denis","PA93000012"
"Ile-de-France","Seine-saint-denis","Saint-Denis","PA93000017"
"Ile-de-France","Seine-saint-denis","Saint-Denis","PA93000025"
"Ile-de-France","Seine-et-marne","Saint-Fargeau-Ponthierry","PA00087269"
"Ile-de-France","Yvelines","Saint-Rémy-lès-Chevreuse","PA78000006"
"Ile-de-France","Essonne","Sainte-Geneviève-des-Bois","PA00088003"
"Ile-de-France","Hauts-de-seine","Sceaux","PA92000022"
"Ile-de-France","Hauts-de-seine","Sceaux","PA92000020"
"Ile-de-France","Hauts-de-seine","Sceaux","PA92000007"
"Ile-de-France","Hauts-de-seine","Sceaux","PA92000014"
"Ile-de-France","Hauts-de-seine","Suresnes","PA00088156"
"Ile-de-France","Hauts-de-seine","Suresnes","PA00125469"
"Ile-de-France","Yvelines","Trappes","PA00087799"
"Ile-de-France","Hauts-de-seine","Vaucresson","PA00088160"
"Ile-de-France","Yvelines","Versailles","PA78000008"
"Ile-de-France","Yvelines","Versailles","PA00133000"
"Ile-de-France","Yvelines","Versailles","PA00087776"
"Ile-de-France","Yvelines","Vésinet (Le)","PA00087778"
"Ile-de-France","Hauts-de-seine","Ville-d'Avray","PA00088164"
"Ile-de-France","Hauts-de-seine","Ville-d'Avray","PA00088165"
"Ile-de-France","Val-de-marne","Villejuif","PA00079915"
"Ile-de-France","Val-de-marne","Villejuif","PA00125474"
"Ile-de-France","Seine-saint-denis","Villemomble","PA93000003"
"Ile-de-France","Yvelines","Villepreux","PA78000031"
"Ile-de-France","Val-de-marne","Vincennes","PA00133019"
"Occitanie","Herault","Agde","PA00135387"
"Occitanie","Gard","Aramon","PA00125480"
"Occitanie","Gard","Bagnols-sur-Cèze","PA30000108"
"Occitanie","Gard","Bagnols-sur-Cèze","PA30000107"
"Occitanie","Herault","Béziers","PA34000026"
"Occitanie","Aude","Carcassonne","PA11000022"
"Occitanie","Pyrenees-orientales","Cerbère","PA00103988"
"Occitanie","Pyrenees-orientales","Font-Romeu-Odeilla-Via","PA66000030"
"Occitanie","Pyrenees-orientales","Font-Romeu-Odeillo-Via","PA66000023"
"Occitanie","Gard","Grand-Combe (La)","PA30000072"
"Occitanie","Gard","Lédenon","PA30000083"
"Occitanie","Aude","Leucate","PA11000048"
"Occitanie","Herault","Mauguio","PA34000072"
"Occitanie","Herault","Montpellier","PA34000034"
"Occitanie","Herault","Montpellier","PA00103544"
"Occitanie","Aude","Narbonne","PA11000023"
"Occitanie","Gard","Nîmes","PA30000043"
"Occitanie","Gard","Nîmes","PA30000041"
"Occitanie","Gard","Nîmes","PA30000087"
"Occitanie","Aude","Paziols","PA11000045"
"Occitanie","Pyrenees-orientales","Perpignan","PA66000004"
"Occitanie","Gard","Saint-Théodorit","PA30000104"
"Occitanie","Herault","Sète","PA34000074"
"Occitanie","Gard","Tavel","PA30000105"
"Nouvelle-Aquitaine","Correze","Brive-la-Gaillarde","PA19000018"
"Nouvelle-Aquitaine","Correze","Egletons","PA19000023"
"Nouvelle-Aquitaine","Haute-vienne","Limoges","PA00100376"
"Nouvelle-Aquitaine","Haute-vienne","Limoges","PA00100349"
"Nouvelle-Aquitaine","Haute-vienne","Limoges","PA87000043"
"Nouvelle-Aquitaine","Haute-vienne","Oradour-sur-Glane","PA87000042"
"Nouvelle-Aquitaine","Haute-vienne","Saint-Martin-Terressus","PA87000009"
"Nouvelle-Aquitaine","Creuse","Saint-Vaury","PA23000013"
"Nouvelle-Aquitaine","Correze","Tulle","PA00099927"
"Grand-Est","Moselle","Aumetz","PA00135419"
"Grand-Est","Meurthe-et-moselle","Baccarat","PA54000078"
"Grand-Est","Moselle","Ban-Saint-Martin (Le)","PA57000019"
"Grand-Est","Meuse","Beaulieu-en-Argonne","PA00132765"
"Grand-Est","Moselle","Boust","PA00132650"
"Grand-Est","Meurthe-et-moselle","Briey","PA00125522"
"Grand-Est","Vosges","Charmes","PA00107104"
"Grand-Est","Vosges","Contrexéville","PA88000050"
"Grand-Est","Vosges","Dogneville","PA88000051"
"Grand-Est","Meurthe-et-moselle","Doncourt-lès-Conflans","PA54000016"
"Grand-Est","Meuse","Douaumont","PA00106528"
"Grand-Est","Vosges","Epinal","PA88000047"
"Grand-Est","Meuse","Fleury-devant-Douaumont","PA55000002"
"Grand-Est","Moselle","Freyming-Merlebach","PA00107066"
"Grand-Est","Meurthe-et-moselle","Hablainville","PA00106042"
"Grand-Est","Meurthe-et-moselle","Laneuveville-devant-Nancy","PA54000075"
"Grand-Est","Meurthe-et-moselle","Lunéville","PA54000021"
"Grand-Est","Meurthe-et-moselle","Manonviller","PA00106090"
"Grand-Est","Moselle","Metz","PA00107056"
"Grand-Est","Moselle","Metz","PA00106840"
"Grand-Est","Moselle","Metz","PA00106842"
"Grand-Est","Meuse","Moirey-Flabas-Crépion","PA00106584"
"Grand-Est","Meuse","Montfaucon-d'Argonne","PA00106587"
"Grand-Est","Meurthe-et-moselle","Nancy","PA54000058"
"Grand-Est","Meurthe-et-moselle","Nancy","PA00106194"
"Grand-Est","Meurthe-et-moselle","Nancy","PA00106195"
"Grand-Est","Meurthe-et-moselle","Nancy","PA00132642"
"Grand-Est","Meurthe-et-moselle","Nancy","PA00106280"
"Grand-Est","Vosges","Raon-l'Etape","PA88000055"
"Grand-Est","Moselle","Saint-Avold","PA00107075"
"Grand-Est","Vosges","Saint-Dié","PA00107281"
"Grand-Est","Vosges","Saint-Dié","PA88000053"
"Grand-Est","Vosges","Thaon-les-Vosges","PA00107303"
"Grand-Est","Meurthe-et-moselle","Vandoeuvre-lès-Nancy","PA54000076"
"Grand-Est","Meuse","Varennes-en-Argonne","PA00106644"
"Grand-Est","Meuse","Vauquois","PA00106652"
"Martinique","Martinique","Ducos","PA00105980"
"Martinique","Martinique","Fonds-Saint-Denis","PA97200024"
"Martinique","Martinique","Fort-de-France","PA97200014"
"Martinique","Martinique","Fort-de-France","PA97200023"
"Martinique","Martinique","Fort-de-France","PA97200011"
"Martinique","Martinique","Fort-de-France","PA97200016"
"Martinique","Martinique","Fort-de-France","PA00105986"
"Martinique","Martinique","Fort-de-France","PA97200029"
"Martinique","Martinique","Fort-de-France","PA97200039"
"Martinique","Martinique","Fort-de-France","PA00105959"
"Martinique","Martinique","Fort-de-France","PA97200002"
"Martinique","Martinique","Fort-de-France","PA97200019"
"Martinique","Martinique","Prêcheur (Le)","PA97200025"
"Martinique","Martinique","Prêcheur (Le)","PA97200032"
"Martinique","Martinique","Saint-Esprit","PA00135672"
"Martinique","Martinique","Saint-Pierre","PA00105950"
"Occitanie","Tarn","Alban","PA81000012"
"Occitanie","Tarn","Albi","PA81000023"
"Occitanie","Tarn","Albi","PA81000024"
"Occitanie","Aveyron","Aubin","PA12000021"
"Occitanie","Tarn","Aussillon","PA81000013"
"Occitanie","Haute-garonne","Bagnères-de-Luchon","PA31000035"
"Occitanie","Tarn-et-garonne","Bourret","PA00095920"
"Occitanie","Hautes-pyrenees","Capvern","PA65000010"
"Occitanie","Haute-garonne","Longages","PA31000037"
"Occitanie","Hautes-pyrenees","Lourdes","PA00135471"
"Occitanie","Tarn-et-garonne","Montauban","PA82000012"
"Occitanie","Tarn-et-garonne","Montauban","PA82000011"
"Occitanie","Tarn-et-garonne","Montauban","PA82000013"
"Occitanie","Haute-garonne","Montréjeau","PA31000065"
"Occitanie","Tarn","Saint-Germain-des-Prés","PA81000022"
"Occitanie","Haute-garonne","Toulouse","PA00132768"
"Occitanie","Haute-garonne","Toulouse","PA31000081"
"Occitanie","Haute-garonne","Toulouse","PA31000076"
"Occitanie","Haute-garonne","Toulouse","PA31000010"
"Occitanie","Haute-garonne","Toulouse","PA00125573"
"Occitanie","Haute-garonne","Toulouse","PA31000013"
"Occitanie","Haute-garonne","Toulouse","PA31000012"
"Hauts-De-France","Pas-de-calais","Arras","PA00107963"
"Hauts-De-France","Pas-de-calais","Audinghen","PA62000064"
"Hauts-De-France","Nord","Avelin","PA59000074"
"Hauts-De-France","Pas-de-calais","Berck","PA62000112"
"Hauts-De-France","Pas-de-calais","Béthune","PA62000041"
"Hauts-De-France","Pas-de-calais","Béthune","PA62000040"
"Hauts-De-France","Pas-de-calais","Bruay-la-Buissière","PA62000008"
"Hauts-De-France","Pas-de-calais","Calais","PA62000035"
"Hauts-De-France","Pas-de-calais","Calais","PA62000055"
"Hauts-De-France","Pas-de-calais","Calais","PA62000036"
"Hauts-De-France","Nord","Caudry","PA59000067"
"Hauts-De-France","Nord","Comines","PA59000075"
"Hauts-De-France","Nord","Croix","PA59000055"
"Hauts-De-France","Nord","Croix","PA00107443"
"Hauts-De-France","Nord","Douai","PA59000076"
"Hauts-De-France","Nord","Dunkerque","PA59000164"
"Hauts-De-France","Nord","Dunkerque","PA59000049"
"Hauts-De-France","Nord","Dunkerque","PA00107513"
"Hauts-De-France","Nord","Dunkerque","PA00107504"
"Hauts-De-France","Nord","Dunkerque","PA00107505"
"Hauts-De-France","Nord","Dunkerque","PA00107501"
"Hauts-De-France","Nord","Dunkerque","PA00107502"
"Hauts-De-France","Nord","Dunkerque","PA00107500"
"Hauts-De-France","Nord","Dunkerque","PA00107506"
"Hauts-De-France","Nord","Dunkerque","PA00107507"
"Hauts-De-France","Pas-de-calais","Eperlecques","PA00108267"
"Hauts-De-France","Nord","Frelinghien","PA00107533"
"Hauts-De-France","Nord","Gravelines","PA59000166"
"Hauts-De-France","Pas-de-calais","Haisnes","PA62000058"
"Hauts-De-France","Nord","Hautmont","PA59000111"
"Hauts-De-France","Nord","Hem","PA00135484"
"Hauts-De-France","Pas-de-calais","Hénin-Beaumont","PA62000002"
"Hauts-De-France","Nord","Lambersart","PA59000060"
"Hauts-De-France","Nord","Lambersart","PA59000069"
"Hauts-De-France","Pas-de-calais","Lens","PA00108328"
"Hauts-De-France","Nord","Leval","PA59000045"
"Hauts-De-France","Nord","Lille","PA59000088"
"Hauts-De-France","Nord","Lille","PA59000078"
"Hauts-De-France","Nord","Lille","PA59000009"
"Hauts-De-France","Nord","Lille","PA59000010"
"Hauts-De-France","Nord","Lille","PA59000079"
"Hauts-De-France","Nord","Lille","PA59000043"
"Hauts-De-France","Nord","Lille","PA59000062"
"Hauts-De-France","Nord","Lille","PA59000044"
"Hauts-De-France","Pas-de-calais","Loos-en-Gohelle","PA00108467"
"Hauts-De-France","Pas-de-calais","Marck","PA62000050"
"Hauts-De-France","Nord","Marquette-lez-Lille","PA59000071"
"Hauts-De-France","Nord","Maubeuge","PA59000089"
"Hauts-De-France","Pas-de-calais","Neufchâtel-Hardelot","PA62000009"
"Hauts-De-France","Pas-de-calais","Oignies","PA00108468"
"Hauts-De-France","Pas-de-calais","Rocquigny","PA62000004"
"Hauts-De-France","Nord","Roubaix","PA59000023"
"Hauts-De-France","Nord","Saint-Saulve","PA59000090"
"Hauts-De-France","Nord","Sebourg","PA59000081"
"Hauts-De-France","Pas-de-calais","Touquet-Paris-Plage (Le)","PA62000011"
"Hauts-De-France","Pas-de-calais","Touquet-Paris-Plage (Le)","PA62000012"
"Hauts-De-France","Pas-de-calais","Touquet-Paris-Plage (Le)","PA62000005"
"Hauts-De-France","Pas-de-calais","Touquet-Paris-Plage (Le)","PA62000122"
"Hauts-De-France","Pas-de-calais","Touquet-Paris-Plage (Le)","PA62000013"
"Hauts-De-France","Pas-de-calais","Touquet-Paris-Plage (Le)","PA62000061"
"Hauts-De-France","Pas-de-calais","Touquet-Paris-Plage (Le)","PA62000019"
"Hauts-De-France","Pas-de-calais","Touquet-Paris-Plage (Le)","PA62000020"
"Hauts-De-France","Pas-de-calais","Touquet-Paris-Plage (Le)","PA62000021"
"Hauts-De-France","Pas-de-calais","Touquet-Paris-Plage (Le)","PA62000023"
"Hauts-De-France","Pas-de-calais","Touquet-Paris-Plage (Le)","PA62000018"
"Hauts-De-France","Nord","Tourcoing","PA00135490"
"Hauts-De-France","Nord","Tourcoing","PA59000072"
"Hauts-De-France","Nord","Valenciennes","PA00107922"
"Hauts-De-France","Nord","Valenciennes","PA59000073"
"Hauts-De-France","Nord","Vieux-Condé","PA59000092"
"Hauts-De-France","Nord","Villeneuve-d'Ascq","PA59000082"
"Hauts-De-France","Nord","Villeneuve-d'Ascq","PA59000064"
"Hauts-De-France","Nord","Wallers","PA00107930"
"Hauts-De-France","Nord","Wambrechies","PA59000065"
"Hauts-De-France","Nord","Wattrelos","PA59000115"
"Hauts-De-France","Nord","Waziers","PA59000159"
"Hauts-De-France","Pas-de-calais","Wissant","PA00108453"
"Pays de la Loire","Maine-et-loire","Angers","PA49000042"
"Pays de la Loire","Maine-et-loire","Angers","PA49000016"
"Pays de la Loire","Maine-et-loire","Angers","PA49000043"
"Pays de la Loire","Maine-et-loire","Cholet","PA00109417"
"Pays de la Loire","Vendee","Fontenay-le-Comte","PA00110113"
"Pays de la Loire","Vendee","Ile-d'Yeu (L')","PA85000045"
"Pays de la Loire","Mayenne","Laval","PA53000035"
"Pays de la Loire","Vendee","Luçon","PA00110305"
"Pays de la Loire","Sarthe","Mans (Le)","PA72000040"
"Pays de la Loire","Sarthe","Marçon","PA72000022"
"Pays de la Loire","Maine-et-loire","Montreuil-Bellay","PA49000079"
"Pays de la Loire","Vendee","Mouchamps","PA85000051"
"Pays de la Loire","Loire-atlantique","Nantes","PA44000046"
"Pays de la Loire","Loire-atlantique","Pornichet","PA44000030"
"Pays de la Loire","Loire-atlantique","Rezé","PA00108783"
"Pays de la Loire","Maine-et-loire","Rou-Marson","PA00109442"
"Pays de la Loire","Vendee","Sables-d'Olonne (Les)","PA85000049"
"Pays de la Loire","Sarthe","Vallon-sur-Gée","PA72000044"
"Pays de la Loire","Loire-atlantique","Varades","PA44000022"
"Hauts-De-France","Somme","Amiens","PA00116079"
"Hauts-De-France","Somme","Ault","PA80000020"
"Hauts-De-France","Oise","Boran-sur-Oise","PA60000087"
"Hauts-De-France","Aisne","Bosmont-sur-Serre","PA00115544"
"Hauts-De-France","Aisne","Bouconville-Vauclair","PA02000020"
"Hauts-De-France","Aisne","Buire","PA00116005"
"Hauts-De-France","Aisne","Ciry-Salsogne","PA02000067"
"Hauts-De-France","Aisne","Coucy-le-Château-Auffrique","PA00115619"
"Hauts-De-France","Oise","Cramoisy","PA60000047"
"Hauts-De-France","Aisne","Crépy","PA00115640"
"Hauts-De-France","Aisne","Fresnoy-le-Grand","PA02000006"
"Hauts-De-France","Somme","Grivesnes","PA80000040"
"Hauts-De-France","Somme","Hangest-en-Santerre","PA00132922"
"Hauts-De-France","Somme","Lamotte-Warfusée","PA00132923"
"Hauts-De-France","Aisne","Limé","PA02000068"
"Hauts-De-France","Somme","Longueau","PA80000036"
"Hauts-De-France","Aisne","Martigny-Courpierre","PA00132909"
"Hauts-De-France","Somme","Montdidier","PA80000042"
"Hauts-De-France","Aisne","Monthenault","PA02000030"
"Hauts-De-France","Somme","Moreuil","PA00132924"
"Hauts-De-France","Oise","Nampcel","PA60000023"
"Hauts-De-France","Aisne","Nouvron-Vingré","PA00116002"
"Hauts-De-France","Somme","Roye","PA00116231"
"Hauts-De-France","Aisne","Saint-Quentin","PA02000049"
"Hauts-De-France","Aisne","Soissons","PA02000027"
"Hauts-De-France","Aisne","Soissons","PA02000076"
"Hauts-De-France","Aisne","Vendhuile","PA00132911"
"Nouvelle-Aquitaine","Charente","Angoulême","PA16000059"
"Nouvelle-Aquitaine","Charente-maritime","Ars-en-Ré","PA17000044"
"Nouvelle-Aquitaine","Vienne","Bonneuil-Matours","PA86000044"
"Nouvelle-Aquitaine","Vienne","Châtellerault","PA86000019"
"Nouvelle-Aquitaine","Charente","Confolens","PA16000023"
"Nouvelle-Aquitaine","Vienne","Ligugé","PA86000047"
"Nouvelle-Aquitaine","Charente-maritime","Mathes (Les)","PA17000043"
"Nouvelle-Aquitaine","Charente-maritime","Nantillé","PA17000085"
"Nouvelle-Aquitaine","Deux-sevres","Niort","PA79000025"
"Nouvelle-Aquitaine","Vienne","Poitiers","PA86000022"
"Nouvelle-Aquitaine","Charente-maritime","Rochelle (La)","PA17000047"
"Nouvelle-Aquitaine","Charente-maritime","Rochelle (La)","PA17000049"
"Nouvelle-Aquitaine","Charente-maritime","Rochelle (La)","PA17000050"
"Nouvelle-Aquitaine","Charente-maritime","Rochelle (La)","PA17000051"
"Nouvelle-Aquitaine","Charente-maritime","Royan","PA17000052"
"Nouvelle-Aquitaine","Charente-maritime","Royan","PA00105154"
"Nouvelle-Aquitaine","Charente-maritime","Royan","PA17000076"
"Nouvelle-Aquitaine","Charente-maritime","Royan","PA17000053"
"Nouvelle-Aquitaine","Charente-maritime","Royan","PA17000090"
"Nouvelle-Aquitaine","Charente-maritime","Royan","PA17000068"
"Nouvelle-Aquitaine","Charente-maritime","Royan","PA17000046"
"Nouvelle-Aquitaine","Charente-maritime","Royan","PA17000054"
"Nouvelle-Aquitaine","Charente-maritime","Saint-Georges-d'Oléron","PA00105321"
"Nouvelle-Aquitaine","Deux-sevres","Saint-Maixent-l'Ecole","PA00101349"
"Nouvelle-Aquitaine","Charente-maritime","Saintes","PA17000020"
"Nouvelle-Aquitaine","Charente-maritime","Tremblade (La)","PA17000056"
"Nouvelle-Aquitaine","Charente-maritime","Tremblade (La)","PA17000095"
"Nouvelle-Aquitaine","Charente","Voulgézac","PA16000045"
"Provence-Alpes-Côte d'Azur","Bouches-du-rhone","Aix-en-Provence","PA13000046"
"Provence-Alpes-Côte d'Azur","Bouches-du-rhone","Aix-en-Provence","PA00081110"
"Provence-Alpes-Côte d'Azur","Alpes-maritimes","Antibes","PA00080927"
"Provence-Alpes-Côte d'Azur","Bouches-du-rhone","Arles","PA13000003"
"Provence-Alpes-Côte d'Azur","Bouches-du-rhone","Arles","PA13000063"
"Provence-Alpes-Côte d'Azur","Vaucluse","Avignon","PA00125728"
"Provence-Alpes-Côte d'Azur","Vaucluse","Avignon","PA00082214"
"Provence-Alpes-Côte d'Azur","Vaucluse","Avignon","PA00081944"
"Provence-Alpes-Côte d'Azur","Vaucluse","Bollène","PA00082223"
"Provence-Alpes-Côte d'Azur","Alpes-maritimes","Cannes","PA00080929"
"Provence-Alpes-Côte d'Azur","Alpes-maritimes","Cannes","PA00132714"
"Provence-Alpes-Côte d'Azur","Vaucluse","Crestet","PA00082033"
"Provence-Alpes-Côte d'Azur","Bouches-du-rhone","Fos-sur-Mer","PA13000064"
"Provence-Alpes-Côte d'Azur","Var","Fréjus","PA00081616"
"Provence-Alpes-Côte d'Azur","Var","Grimaud","PA00125720"
"Provence-Alpes-Côte d'Azur","Var","Grimaud","PA00125721"
"Provence-Alpes-Côte d'Azur","Var","Grimaud","PA00125722"
"Provence-Alpes-Côte d'Azur","Var","Hyères","PA00081651"
"Provence-Alpes-Côte d'Azur","Bouches-du-rhone","Jouques","PA00081501"
"Provence-Alpes-Côte d'Azur","Bouches-du-rhone","Marseille","PA00081362"
"Provence-Alpes-Côte d'Azur","Bouches-du-rhone","Marseille 15e arrondissement","PA00081502"
"Provence-Alpes-Côte d'Azur","Bouches-du-rhone","Marseille 1er arrondissement","PA00081367"
"Provence-Alpes-Côte d'Azur","Bouches-du-rhone","Marseille 2e arrondissement","PA00125713"
"Provence-Alpes-Côte d'Azur","Bouches-du-rhone","Marseille 7e arrondissement","PA13000042"
"Provence-Alpes-Côte d'Azur","Bouches-du-rhone","Marseille 8e arrondissement","PA00081373"
"Provence-Alpes-Côte d'Azur","Alpes-maritimes","Menton","PA00080938"
"Provence-Alpes-Côte d'Azur","Alpes-maritimes","Nice","PA00080780"
"Provence-Alpes-Côte d'Azur","Alpes-maritimes","Nice","PA06000013"
"Provence-Alpes-Côte d'Azur","Alpes-maritimes","Nice","PA00080940"
"Provence-Alpes-Côte d'Azur","Alpes-maritimes","Nice","PA00080797"
"Provence-Alpes-Côte d'Azur","Alpes-maritimes","Nice","PA00080942"
"Provence-Alpes-Côte d'Azur","Alpes-maritimes","Nice","PA06000015"
"Provence-Alpes-Côte d'Azur","Alpes-maritimes","Nice","PA00080807"
"Provence-Alpes-Côte d'Azur","Alpes-maritimes","Nice","PA00080809"
"Provence-Alpes-Côte d'Azur","Var","Pradet (Le)","PA00081695"
"Provence-Alpes-Côte d'Azur","Var","Rayol-Canadel-sur-Mer","PA00081786"
"Provence-Alpes-Côte d'Azur","Alpes-maritimes","Roquebrune-Cap-Martin","PA00080824"
"Provence-Alpes-Côte d'Azur","Alpes-maritimes","Saint-Jean-Cap-Ferrat","PA06000016"
"Provence-Alpes-Côte d'Azur","Var","Saint-Tropez","PA00081795"
"Provence-Alpes-Côte d'Azur","Var","Sainte-Maxime","PA83000015"
"Provence-Alpes-Côte d'Azur","Alpes-maritimes","Tourrettes-sur-Loup","PA06000008"
"Provence-Alpes-Côte d'Azur","Var","Trans-en-Provence","PA00081771"
"Provence-Alpes-Côte d'Azur","Alpes-maritimes","Vence","PA00080911"
"Provence-Alpes-Côte d'Azur","Alpes-maritimes","Vence","PA06000017"
"Réunion","Reunion","Cilaos","PA97400038"
"Réunion","Reunion","Saint-André","PA97400106"
"Réunion","Reunion","Saint-Benoît","PA97400108"
"Réunion","Reunion","Saint-Benoît","PA97400105"
"Réunion","Reunion","Saint-Denis","PA97400110"
"Réunion","Reunion","Saint-Denis","PA97400128"
"Réunion","Reunion","Saint-Denis","PA97400109"
"Réunion","Reunion","Saint-Denis","PA97400086"
"Réunion","Reunion","Saint-Paul","PA97400119"
"Réunion","Reunion","Saint-Pierre","PA97400081"
"Auvergne-Rhône-Alpes","Savoie","Aix-les-Bains","PA00118169"
"Auvergne-Rhône-Alpes","Haute-savoie","Arâches","PA00118476"
"Auvergne-Rhône-Alpes","Ain","Bourg-en-Bresse","PA01000036"
"Auvergne-Rhône-Alpes","Rhone","Dardilly","PA00118105"
"Auvergne-Rhône-Alpes","Rhone","Eveux","PA00117761"
"Auvergne-Rhône-Alpes","Haute-savoie","Evian-les-Bains","PA00118395"
"Auvergne-Rhône-Alpes","Loire","Firminy","PA42000001"
"Auvergne-Rhône-Alpes","Loire","Firminy","PA00117489"
"Auvergne-Rhône-Alpes","Loire","Firminy","PA42000023"
"Auvergne-Rhône-Alpes","Loire","Firminy","PA00117490"
"Auvergne-Rhône-Alpes","Loire","Firminy","PA00125742"
"Auvergne-Rhône-Alpes","Isere","Grenoble","PA00117184"
"Auvergne-Rhône-Alpes","Isere","Grenoble","PA00117204"
"Auvergne-Rhône-Alpes","Ardeche","Labeaume","PA07000017"
"Auvergne-Rhône-Alpes","Isere","Livet-et-Gavet","PA00117374"
"Auvergne-Rhône-Alpes","Rhone","Lyon","PA00118135"
"Auvergne-Rhône-Alpes","Rhone","Lyon","PA00118139"
"Auvergne-Rhône-Alpes","Rhone","Lyon","PA00118138"
"Auvergne-Rhône-Alpes","Rhone","Lyon 03","PA00118106"
"Auvergne-Rhône-Alpes","Rhone","Lyon 03","PA00117813"
"Auvergne-Rhône-Alpes","Rhone","Lyon 07","PA00118153"
"Auvergne-Rhône-Alpes","Rhone","Lyon 07","PA00117986"
"Auvergne-Rhône-Alpes","Rhone","Lyon 09","PA00118140"
"Auvergne-Rhône-Alpes","Ain","Miribel","PA00125734"
"Auvergne-Rhône-Alpes","Savoie","Modane","PA00118276"
"Auvergne-Rhône-Alpes","Ain","Oyonnax","PA00116445"
"Auvergne-Rhône-Alpes","Loire","Ricamarie (La)","PA42000018"
"Auvergne-Rhône-Alpes","Savoie","Saint-Bon-Tarentaise","PA73000009"
"Auvergne-Rhône-Alpes","Loire","Saint-Etienne","PA42000027"
"Auvergne-Rhône-Alpes","Loire","Saint-Etienne","PA42000010"
"Auvergne-Rhône-Alpes","Loire","Saint-Etienne","PA00117688"
"Auvergne-Rhône-Alpes","Loire","Saint-Etienne","PA00132820"
"Auvergne-Rhône-Alpes","Loire","Saint-Etienne","PA42000017"
"Auvergne-Rhône-Alpes","Loire","Saint-Etienne","PA00117687"
"Auvergne-Rhône-Alpes","Isere","Saint-Marcellin","PA38000027"
"Auvergne-Rhône-Alpes","Rhone","Sainte-Foy-lès-Lyon","PA69000032"
"Auvergne-Rhône-Alpes","Rhone","Vaulx-en-Velin","PA69000044"
"Auvergne-Rhône-Alpes","Rhone","Vénissieux","PA69000026"
"Auvergne-Rhône-Alpes","Rhone","Vénissieux","PA69000018"
"Auvergne-Rhône-Alpes","Isere","Vienne","PA38000018"
"Auvergne-Rhône-Alpes","Rhone","Villeurbanne","PA00118150"
"Auvergne-Rhône-Alpes","Rhone","Villeurbanne","PA00118151"
"Saint-Pierre-et-Miquelon","Saint-Pierre-et-Miquelon","Miquelon-Langlade","PA97500012"
